name,trainer,Analytic_W1,Independent_W1,Determined_W1,Professional_W1,Studious_W1,Imaginative_W1,Analytic_W2,Independent_W2,Determined_W2,Professional_W2,Studious_W2,Imaginative_W2,Analytic_W3,Independent_W3,Determined_W3,Professional_W3,Studious_W3,Imaginative_W3,Analytic_W4,Independent_W4,Determined_W4,Professional_W4,Studious_W4,Imaginative_W4,Analytic_W5,Independent_W5,Determined_W5,Professional_W5,Studious_W5,Imaginative_W5,Analytic_W6,Independent_W6,Determined_W6,Professional_W6,Studious_W6,Imaginative_W6,Analytic_W7,Independent_W7,Determined_W7,Professional_W7,Studious_W7,Imaginative_W7,Analytic_W8,Independent_W8,Determined_W8,Professional_W8,Studious_W8,Imaginative_W8,Analytic_W9,Independent_W9,Determined_W9,Professional_W9,Studious_W9,Imaginative_W9,Analytic_W10,Independent_W10,Determined_W10,Professional_W10,Studious_W10,Imaginative_W10
quintus penella,gregor gomez,1,2,2,1,2,2,,,,,,,,,,,,,,,,,,,,,,,,,,,,,,,,,,,,,,,,,,,,,,,,,,,,,,
simon murrey,gregor gomez,6,1,1,2,4,2,3,1,3,2,1,1,,,,,,,,,,,,,,,,,,,,,,,,,,,,,,,,,,,,,,,,,,,,,,,,
gustaf lude,gregor gomez,6,4,1,1,2,3,1,1,1,2,1,6,6,2,2,3,3,2,5,1,3,7,6,2,6,8,4,8,1,8,7,3,5,8,8,7,8,5,8,8,8,6,8,7,8,8,7,8,,,,,,,,,,,,
yolanda fosse,gregor gomez,2,1,2,3,3,3,4,2,1,3,3,7,3,5,3,1,3,3,2,8,1,8,5,5,2,1,8,5,6,5,7,6,5,7,8,2,8,6,8,7,8,8,8,8,7,8,7,5,,,,,,,,,,,,
lynnett swin,gregor gomez,2,2,4,5,1,2,3,2,5,3,1,1,3,2,3,4,4,2,8,6,8,2,4,8,6,2,8,8,8,5,7,5,5,5,5,8,8,7,7,8,8,8,8,7,8,8,8,8,,,,,,,,,,,,
bart godilington,gregor gomez,3,6,1,5,4,1,2,1,2,5,3,2,1,3,2,1,1,4,3,3,7,3,6,5,6,3,4,7,6,6,6,8,8,6,8,7,7,8,6,8,8,7,7,7,8,6,7,8,,,,,,,,,,,,
deni roust,gregor gomez,6,3,1,4,4,2,7,2,3,1,1,1,1,2,2,1,4,5,4,6,6,6,8,6,4,2,7,6,4,2,4,3,8,7,4,5,7,8,8,8,7,7,7,8,8,8,8,8,,,,,,,,,,,,
gerhard mcgrath,gregor gomez,2,3,3,4,1,1,3,6,2,1,4,3,3,4,1,5,3,3,3,8,1,4,6,7,5,6,7,6,7,8,2,8,8,4,5,3,8,8,8,4,8,8,8,8,7,8,7,8,,,,,,,,,,,,
benedick arnhold,bruce lugo,5,4,1,2,3,3,7,6,3,3,4,3,4,6,3,1,3,2,3,7,4,7,5,7,8,8,7,3,3,3,7,8,5,4,5,1,8,8,8,8,3,8,7,8,8,8,8,8,,,,,,,,,,,,
herminia brettel,bruce lugo,5,3,2,3,3,1,4,2,1,1,5,3,4,6,2,4,5,2,5,4,2,3,7,8,8,8,7,8,4,8,5,8,6,4,6,8,7,8,8,8,6,8,4,7,8,8,8,8,,,,,,,,,,,,
nicolai nussey,bruce lugo,4,1,5,2,2,3,2,4,2,6,5,3,3,1,1,2,2,3,8,8,7,8,3,5,5,4,8,8,8,7,8,8,8,4,4,4,8,7,8,8,8,8,8,6,8,5,5,5,,,,,,,,,,,,
elora ellen,bruce lugo,3,2,3,4,3,3,2,4,2,4,1,1,2,3,4,3,3,3,3,5,4,6,5,4,6,6,4,8,7,7,7,6,8,4,7,3,8,5,7,8,8,8,8,8,4,7,8,7,,,,,,,,,,,,
llywellyn hoggins,bruce lugo,1,3,2,2,3,3,4,2,2,4,3,2,4,2,1,1,2,1,,,,,,,,,,,,,,,,,,,,,,,,,,,,,,,,,,,,,,,,,,
bobbye hains,bruce lugo,3,4,4,1,1,5,3,2,1,3,3,3,4,2,2,2,2,4,5,8,6,8,5,4,4,5,7,8,3,6,8,5,5,8,7,8,7,6,8,8,7,7,8,8,7,4,6,8,,,,,,,,,,,,
audrye tobias,bruce lugo,5,4,3,5,5,4,4,4,3,1,3,2,2,1,1,3,3,3,6,6,4,6,8,7,8,6,5,3,8,7,8,6,5,5,3,5,8,6,8,4,8,8,8,8,8,8,8,7,,,,,,,,,,,,
georg battman,bruce lugo,1,1,1,6,5,5,7,2,1,3,2,1,1,2,3,3,3,5,8,6,4,4,5,7,8,4,3,4,6,4,8,8,3,3,4,6,4,6,8,8,8,8,8,7,8,8,8,6,,,,,,,,,,,,
adolph andreia,bruce lugo,3,3,7,1,6,4,3,4,4,1,3,2,3,2,2,1,2,2,2,4,3,6,8,8,4,6,4,5,3,7,8,3,7,7,3,8,8,8,2,6,8,5,8,8,8,8,8,8,,,,,,,,,,,,
ilaire ord,bruce lugo,7,2,6,5,5,1,2,6,2,1,1,5,1,5,5,2,5,5,1,7,8,8,5,5,8,5,5,6,4,4,8,2,8,4,6,6,8,8,8,5,8,8,8,8,8,8,7,5,,,,,,,,,,,,
thorpe pettett,bruce lugo,6,1,4,4,2,1,7,1,6,3,4,3,2,3,3,1,3,3,7,6,8,8,7,8,8,6,6,8,5,3,6,7,2,4,2,7,8,8,8,7,8,8,8,8,8,8,5,8,,,,,,,,,,,,
tiphany gribben,bruce lugo,2,1,3,1,2,5,3,1,1,2,2,2,,,,,,,,,,,,,,,,,,,,,,,,,,,,,,,,,,,,,,,,,,,,,,,,
pam hupka,bruce lugo,1,5,2,1,5,1,2,3,2,6,1,1,2,1,5,7,4,1,8,7,7,8,8,7,5,5,6,7,8,5,7,3,5,3,7,8,4,7,4,8,8,7,6,6,8,8,7,8,,,,,,,,,,,,
verne francescuzzi,gregor gomez,2,4,1,2,3,4,2,2,2,3,8,6,4,3,2,6,3,4,4,5,6,6,6,6,6,8,6,6,5,5,5,8,8,4,8,6,8,7,8,8,8,8,8,8,8,6,7,6,,,,,,,,,,,,
audi westmacott,gregor gomez,2,4,1,3,3,3,5,5,2,3,1,4,3,1,7,1,1,3,5,3,8,6,8,8,5,7,3,5,5,1,7,3,6,1,6,2,6,7,8,8,8,8,8,8,8,6,6,8,,,,,,,,,,,,
gae crutch,gregor gomez,6,3,2,3,3,2,2,4,3,3,3,3,1,1,5,3,3,3,5,7,4,4,8,4,3,6,5,6,7,6,8,3,8,8,3,6,6,7,8,8,6,8,8,8,8,8,6,8,,,,,,,,,,,,
fowler crewdson,gregor gomez,1,1,3,7,5,5,1,6,2,5,1,5,3,1,5,4,4,2,7,6,6,4,6,4,2,7,8,7,3,8,4,8,8,3,5,8,8,6,8,8,8,4,8,8,8,8,8,8,,,,,,,,,,,,
joletta matzaitis,gregor gomez,4,4,3,4,5,6,2,6,4,2,5,1,4,3,4,4,2,2,8,8,7,5,8,5,7,2,6,8,5,2,8,4,7,7,3,8,8,8,5,8,8,7,8,8,6,8,7,7,,,,,,,,,,,,
ofelia helm,gregor gomez,1,7,3,1,4,3,5,1,6,1,1,3,3,4,4,1,2,4,4,6,3,8,4,8,5,5,5,4,5,4,4,7,8,5,8,6,8,8,8,8,8,8,7,8,8,5,7,6,,,,,,,,,,,,
quinton kuhnt,gregor gomez,2,3,5,4,3,5,4,2,3,3,6,2,1,3,3,1,3,1,4,6,4,8,6,7,6,6,8,4,5,3,3,7,4,8,5,5,8,8,8,8,8,8,8,8,8,8,8,8,,,,,,,,,,,,
frankie mabee,gregor gomez,1,3,3,7,2,2,1,2,3,6,4,1,2,7,2,2,2,3,8,5,4,6,7,7,3,1,8,6,3,5,7,2,8,4,5,4,8,8,7,8,7,7,8,8,8,3,8,8,,,,,,,,,,,,
cami burberow,gregor gomez,1,5,4,6,3,5,5,1,3,3,6,8,5,3,6,3,1,4,7,5,8,8,8,5,8,6,4,8,8,5,8,7,6,8,7,4,8,8,6,8,5,8,4,6,5,4,8,8,,,,,,,,,,,,
gayla bownas,gregor gomez,3,3,4,4,3,3,1,2,4,2,5,5,1,2,7,2,3,2,4,7,5,6,7,8,8,7,7,6,6,2,3,7,5,8,4,8,6,8,4,5,4,8,8,8,8,5,8,8,,,,,,,,,,,,
latisha ibel,gregor gomez,2,3,5,4,6,3,4,7,4,4,3,6,1,3,4,3,2,5,3,1,6,5,5,3,4,3,5,8,8,5,5,7,6,3,8,5,6,5,8,8,7,7,8,8,8,5,8,8,,,,,,,,,,,,
darb noor,neil mccarthy,3,6,2,4,3,2,1,1,2,5,4,5,3,5,5,2,4,1,5,2,7,3,4,8,5,4,6,4,8,5,2,3,8,7,8,4,8,8,8,8,6,8,8,6,8,8,8,7,,,,,,,,,,,,
adah spencers,neil mccarthy,5,3,2,5,4,3,4,5,1,1,4,1,6,3,1,7,2,2,4,6,8,7,3,5,2,5,8,3,3,5,5,6,5,8,7,7,7,7,7,8,8,8,8,8,6,8,7,8,,,,,,,,,,,,
kariotta barense,neil mccarthy,4,4,5,2,3,1,2,2,3,3,6,3,4,4,5,5,1,4,8,4,7,4,8,6,8,7,2,7,4,3,5,6,8,7,5,7,8,5,8,7,8,8,8,7,8,3,5,8,,,,,,,,,,,,
biddy rapps,neil mccarthy,4,4,2,5,5,5,4,3,6,6,2,4,4,4,2,5,3,3,5,8,6,5,6,4,7,3,3,3,4,7,3,7,8,5,5,6,7,6,8,8,8,7,5,5,8,5,8,8,,,,,,,,,,,,
thatcher frankish,neil mccarthy,3,3,1,3,1,6,3,1,4,2,2,1,4,4,3,6,4,3,3,7,3,4,5,4,8,4,7,6,4,4,6,3,8,6,3,3,7,5,7,8,8,8,8,8,6,6,7,8,,,,,,,,,,,,
idelle kidstoun,neil mccarthy,4,2,3,3,1,4,1,6,3,2,3,3,3,3,1,3,3,1,3,4,8,2,2,8,5,6,3,7,8,4,7,4,5,3,8,3,8,1,8,8,6,5,8,7,5,5,6,7,,,,,,,,,,,,
bailey antrim,neil mccarthy,2,4,4,4,5,6,4,2,4,2,4,2,4,6,2,4,6,3,5,4,3,2,8,4,4,8,1,8,2,3,4,2,4,2,3,2,8,7,7,8,7,5,5,6,6,3,8,6,,,,,,,,,,,,
william dryden,neil mccarthy,2,4,2,2,4,4,1,2,3,2,3,2,6,3,2,7,6,2,6,8,5,3,3,8,8,8,7,5,6,5,4,4,8,7,3,6,6,7,8,8,6,8,8,5,8,7,8,7,,,,,,,,,,,,
dean burnup,neil mccarthy,1,4,2,3,2,2,2,3,1,1,1,3,,,,,,,,,,,,,,,,,,,,,,,,,,,,,,,,,,,,,,,,,,,,,,,,
burtie garfitt,neil mccarthy,1,1,5,5,5,3,3,3,1,4,2,5,6,1,2,5,1,1,6,6,7,4,5,3,7,6,5,4,6,5,5,6,6,7,6,8,8,4,7,8,8,8,7,8,7,8,5,8,,,,,,,,,,,,
maggy clapison,neil mccarthy,2,4,1,2,2,4,2,4,1,2,2,4,7,5,3,5,1,4,6,7,7,6,8,3,7,4,8,8,8,8,4,4,4,6,7,8,8,8,5,8,8,6,4,8,8,4,4,8,,,,,,,,,,,,
julia llorens,neil mccarthy,5,7,3,2,2,3,2,1,1,5,2,2,1,2,4,1,4,2,8,8,8,4,8,4,6,7,7,7,6,5,6,3,8,7,7,4,8,5,3,8,8,8,8,8,8,6,8,8,,,,,,,,,,,,
sanford larking,rachel richard,3,2,3,4,2,1,2,2,4,3,1,1,4,5,3,1,3,3,3,6,8,5,8,5,8,4,4,5,8,8,6,8,5,3,7,8,8,8,8,8,8,4,8,8,8,8,8,8,,,,,,,,,,,,
ulrika lemerie,rachel richard,6,1,3,1,2,2,2,3,4,2,2,3,3,5,2,3,3,1,1,5,7,8,4,8,2,3,8,8,1,8,7,2,6,4,6,3,8,7,4,8,8,8,8,8,8,6,6,4,,,,,,,,,,,,
alidia govett,rachel richard,3,5,7,3,3,3,3,4,6,1,2,2,2,2,3,3,1,3,6,7,3,5,6,7,3,7,7,5,6,8,5,4,5,7,6,5,4,8,4,8,8,8,8,8,4,8,8,8,,,,,,,,,,,,
angel matteau,rachel richard,4,3,1,2,4,4,4,7,2,7,2,2,4,2,4,3,3,3,5,8,6,7,8,4,7,8,5,5,4,5,7,7,3,7,8,7,8,8,3,7,8,5,5,8,8,8,6,8,,,,,,,,,,,,
wolfie showers,rachel richard,1,7,1,4,2,4,3,5,8,2,4,2,1,2,4,2,8,2,2,7,5,6,5,3,5,6,6,3,8,2,6,7,8,6,6,5,8,8,8,8,8,8,8,8,3,6,6,8,,,,,,,,,,,,
nicolea gibbins,rachel richard,1,2,3,2,4,3,4,5,5,2,5,1,4,1,2,1,3,2,5,7,4,5,3,6,4,4,8,4,5,7,4,5,8,6,8,5,8,6,6,8,8,8,8,8,8,8,8,8,,,,,,,,,,,,
florina sudlow,rachel richard,7,4,3,3,1,4,4,2,4,2,2,3,6,2,3,4,3,3,5,8,2,7,5,5,8,5,8,6,6,6,5,8,7,8,6,8,7,8,8,8,5,8,7,8,8,8,7,7,,,,,,,,,,,,
dianna brewett,rachel richard,8,1,2,5,2,2,4,6,3,2,2,1,1,2,4,8,4,1,5,8,7,6,3,5,4,5,4,4,6,8,7,8,3,3,8,6,6,6,8,8,8,6,8,8,7,7,8,5,,,,,,,,,,,,
megan hallihan,rachel richard,1,1,1,2,5,1,,,,,,,,,,,,,,,,,,,,,,,,,,,,,,,,,,,,,,,,,,,,,,,,,,,,,,
sherlocke baselio,rachel richard,2,5,3,4,5,2,3,7,6,2,1,2,1,3,6,3,1,4,8,5,4,3,2,8,8,6,4,4,5,6,8,5,7,5,6,7,7,8,8,7,8,8,7,8,8,8,8,8,,,,,,,,,,,,
keen tripony,rachel richard,5,1,3,1,3,6,3,2,2,1,4,5,4,4,2,2,5,1,4,4,5,5,7,4,5,6,8,7,7,7,8,7,8,6,8,4,8,8,8,8,8,8,8,3,8,8,8,8,,,,,,,,,,,,
collete causbey,rachel richard,1,7,3,2,3,3,4,1,6,5,2,3,2,4,3,3,2,1,3,6,8,3,8,8,4,2,6,4,8,5,6,8,8,6,3,3,8,8,8,3,8,7,5,8,8,8,8,6,,,,,,,,,,,,
gabi ivins,gregor gomez,4,1,6,2,1,1,3,2,2,2,5,2,4,1,6,2,3,5,6,7,6,4,3,2,8,5,3,4,3,7,1,8,8,8,4,8,8,8,8,8,8,8,8,7,8,8,8,8,8,8,7,8,8,8,8,8,8,8,8,8
melodee crippen,gregor gomez,4,2,5,1,1,3,3,3,3,3,3,1,3,2,6,1,5,4,6,3,1,7,6,6,8,3,5,3,8,5,6,8,5,5,8,1,8,8,5,4,7,8,8,8,6,8,8,8,8,8,8,8,8,8,8,8,8,7,8,8
wilt gotliffe,gregor gomez,1,5,4,2,1,3,1,3,1,2,1,3,,,,,,,,,,,,,,,,,,,,,,,,,,,,,,,,,,,,,,,,,,,,,,,,
mela burgill,gregor gomez,1,7,2,2,3,5,5,1,1,5,3,3,2,4,5,2,2,4,8,8,8,6,4,6,6,6,3,8,5,6,8,3,3,5,7,6,4,8,8,8,8,8,8,7,4,8,3,8,8,6,3,8,8,7,8,8,2,6,8,8
uriel eidelman,gregor gomez,8,2,3,6,4,4,2,1,3,4,3,4,1,1,6,2,4,2,8,4,8,4,8,8,8,7,6,8,5,7,3,6,6,6,5,5,8,8,7,8,8,8,8,6,8,8,8,7,7,8,8,8,7,8,8,8,8,8,8,8
vivienne blakelock,gregor gomez,2,7,1,6,5,4,2,3,1,1,4,1,1,4,2,1,1,2,,,,,,,,,,,,,,,,,,,,,,,,,,,,,,,,,,,,,,,,,,
auberon werny,gregor gomez,5,5,6,5,4,2,4,5,4,5,4,3,3,2,1,3,4,4,7,7,5,1,6,8,6,8,8,5,5,8,3,5,6,7,8,7,8,8,6,6,8,8,8,8,8,8,8,8,8,7,8,8,8,6,8,8,8,8,8,8
nikolaus gullefant,gregor gomez,1,5,4,4,3,6,4,4,3,1,2,2,2,3,6,1,5,1,3,7,3,2,6,3,6,4,7,7,8,7,8,6,8,7,4,5,8,8,6,8,8,8,7,4,8,8,8,8,8,8,8,8,8,8,8,8,8,8,8,8
prentice van der hoeven,gregor gomez,3,2,4,3,1,4,3,3,5,1,2,1,2,5,3,3,3,4,4,8,4,1,4,5,6,4,5,4,1,5,6,6,8,6,3,5,8,8,8,8,7,8,8,7,4,8,8,5,8,6,8,8,8,5,8,8,8,8,8,8
alikee sawood,gregor gomez,2,4,4,1,3,7,1,3,4,3,1,3,2,1,2,2,5,3,8,6,7,8,4,5,7,8,7,8,4,4,3,2,7,6,5,8,6,7,8,8,7,8,8,4,8,4,8,8,8,5,8,8,8,8,8,8,8,8,8,8
guido lassells,gregor gomez,4,3,6,2,3,1,1,3,1,1,1,4,,,,,,,,,,,,,,,,,,,,,,,,,,,,,,,,,,,,,,,,,,,,,,,,
verena townes,gregor gomez,4,3,6,2,4,4,4,6,1,2,1,1,2,5,6,2,2,1,8,2,6,6,8,8,7,5,8,6,7,8,1,7,8,1,7,8,6,8,8,8,8,8,3,8,7,7,8,8,8,8,8,8,8,8,8,8,8,8,8,8
kylie cordell,gregor gomez,3,2,7,5,4,4,6,6,2,3,2,3,2,1,4,2,4,2,3,6,2,4,5,7,7,4,8,7,8,8,8,7,5,4,5,3,8,6,8,3,8,6,5,8,8,8,8,7,8,6,8,8,8,7,8,8,8,8,8,8
cornelia artist,hamzah melia,3,5,2,4,1,3,2,1,5,3,4,3,3,8,1,2,2,1,8,4,2,5,2,5,1,8,6,8,5,1,8,3,8,8,8,5,8,8,8,8,7,8,8,8,8,8,6,8,,,,,,,,,,,,
hanni katt,hamzah melia,6,1,2,1,5,7,5,2,6,2,2,1,5,2,5,3,3,2,5,4,4,8,3,8,4,6,7,7,8,5,3,2,8,5,6,8,8,8,7,8,8,8,6,7,8,8,8,7,,,,,,,,,,,,
eric spritt,hamzah melia,1,4,6,5,1,1,1,6,4,3,1,6,4,4,4,6,1,4,7,6,5,5,4,4,5,8,7,4,4,5,3,6,4,5,7,8,8,8,2,7,7,8,8,8,1,2,6,7,,,,,,,,,,,,
merrill mckie,hamzah melia,7,3,2,4,2,2,2,3,5,7,3,1,4,1,2,3,6,1,4,2,8,8,8,5,7,2,2,8,5,8,7,4,6,6,8,7,8,8,8,2,8,5,8,8,4,8,8,8,,,,,,,,,,,,
marcela riding,hamzah melia,3,4,3,2,4,3,1,3,2,1,1,3,,,,,,,,,,,,,,,,,,,,,,,,,,,,,,,,,,,,,,,,,,,,,,,,
lea normington,hamzah melia,2,1,3,4,3,1,4,2,6,4,5,1,2,5,4,1,3,2,6,8,6,8,6,5,5,8,8,6,6,8,8,2,7,8,5,4,7,7,8,7,8,6,8,7,6,8,4,8,,,,,,,,,,,,
aguste tann,hamzah melia,4,3,4,4,3,2,4,2,2,3,1,1,1,3,1,5,1,2,6,4,8,4,4,7,8,3,8,8,4,6,6,5,3,8,8,5,8,7,7,6,6,8,8,8,5,8,8,3,,,,,,,,,,,,
anet satterley,hamzah melia,7,1,4,2,2,3,1,5,3,3,3,3,4,7,4,3,1,4,4,6,8,5,5,8,7,8,2,8,5,3,2,5,6,8,7,6,8,8,8,8,6,8,8,7,8,7,5,7,,,,,,,,,,,,
agace o'shields,hamzah melia,4,2,2,3,1,6,1,4,4,2,1,5,2,2,3,1,1,6,8,8,6,7,8,7,6,6,8,8,8,3,8,8,3,4,4,2,8,5,3,7,4,2,8,8,8,8,6,8,,,,,,,,,,,,
matteo yeowell,burhan milner,3,5,2,1,3,5,4,1,1,4,4,4,5,4,6,2,7,3,8,4,6,4,6,5,8,5,8,8,5,7,6,4,8,6,7,5,8,7,8,8,8,8,6,8,6,8,8,8,,,,,,,,,,,,
deck itzchaki,burhan milner,2,3,4,2,4,3,2,1,2,2,2,3,2,1,2,1,2,6,6,8,4,8,3,6,3,6,3,7,7,4,6,7,7,8,3,3,7,7,8,8,8,8,5,8,8,8,8,8,,,,,,,,,,,,
tarrah bunny,burhan milner,3,6,3,4,3,5,1,1,3,6,3,2,6,1,4,3,5,3,6,8,6,3,7,8,7,6,6,2,8,4,6,5,5,7,4,2,8,8,8,8,7,7,8,8,8,8,8,4,,,,,,,,,,,,
fairlie cogzell,burhan milner,5,2,2,3,3,3,3,4,4,2,3,3,1,5,4,2,5,5,7,6,6,3,4,4,6,3,6,5,7,8,6,6,6,2,5,4,7,8,8,7,5,7,7,7,8,8,8,8,,,,,,,,,,,,
robinet renwick,burhan milner,3,2,2,3,2,2,1,1,3,2,3,5,2,6,6,3,2,2,6,3,6,7,4,8,6,6,8,7,8,5,7,3,5,5,3,6,5,8,7,8,7,8,8,8,8,6,8,4,,,,,,,,,,,,
boote moan,burhan milner,5,4,3,6,2,4,8,4,1,4,4,2,7,3,2,1,1,3,8,4,8,5,5,7,5,7,4,6,8,8,2,4,7,8,6,8,8,8,5,7,6,8,8,8,6,6,7,8,,,,,,,,,,,,
vaughn wallington,burhan milner,1,1,2,3,1,4,6,2,4,1,2,3,4,2,2,2,2,4,5,4,7,4,6,4,8,7,5,4,5,2,8,3,4,3,8,3,6,8,8,8,8,7,8,8,8,6,8,8,,,,,,,,,,,,
jim dwerryhouse,burhan milner,5,3,4,3,4,2,1,1,5,2,4,5,1,2,2,2,3,3,5,3,3,7,8,4,7,5,4,7,7,8,3,8,8,7,7,4,8,7,8,8,7,8,8,8,8,8,8,7,,,,,,,,,,,,
harriett saffin,burhan milner,3,4,3,1,3,5,2,3,4,1,4,2,2,7,1,1,7,5,6,4,8,1,7,7,7,7,6,6,4,4,7,6,5,8,8,8,8,5,5,6,8,8,8,8,4,8,8,8,,,,,,,,,,,,
omero shill,burhan milner,4,5,2,1,4,1,4,5,3,3,3,3,4,4,2,2,3,3,6,8,5,2,6,8,5,5,3,8,8,7,1,8,4,8,4,8,8,6,5,5,6,8,8,5,8,8,7,8,,,,,,,,,,,,
casey putten,elly kelly,3,1,3,4,6,5,1,3,2,1,7,1,4,2,3,5,4,6,3,8,5,5,6,8,5,3,5,5,5,8,8,4,1,8,3,3,8,5,6,8,8,8,4,7,8,8,6,8,,,,,,,,,,,,
una caldicot,elly kelly,2,3,5,2,3,4,1,2,1,4,1,5,1,1,4,1,5,6,6,4,8,2,6,2,5,8,8,7,7,5,5,4,6,5,2,8,8,8,7,8,5,8,7,5,7,8,7,7,,,,,,,,,,,,
riva mangeot,elly kelly,4,7,2,2,2,3,3,1,3,4,2,2,2,4,1,1,2,3,1,3,8,8,3,4,8,3,6,8,8,5,6,5,4,7,8,7,8,8,8,8,4,8,6,8,8,6,6,7,,,,,,,,,,,,
gery marchment,elly kelly,4,3,4,2,1,1,2,4,3,1,1,2,6,1,2,6,2,3,4,7,4,6,2,4,5,8,2,8,5,4,8,5,4,5,5,6,7,7,7,7,8,8,8,8,8,8,8,7,,,,,,,,,,,,
brendan tithecott,elly kelly,3,4,4,3,2,1,2,6,1,6,5,3,4,5,1,2,5,4,4,8,6,5,3,4,6,3,5,7,5,4,7,5,7,5,8,4,8,8,8,8,8,8,8,5,8,4,8,6,,,,,,,,,,,,
dorice slides,elly kelly,5,2,3,3,4,2,3,1,1,1,3,2,,,,,,,,,,,,,,,,,,,,,,,,,,,,,,,,,,,,,,,,,,,,,,,,
kalinda leebetter,elly kelly,2,1,2,4,8,1,3,3,2,6,1,1,5,4,1,5,2,3,8,7,5,8,8,4,4,5,8,6,1,5,6,3,8,5,5,3,8,4,7,5,8,8,8,8,8,8,7,6,,,,,,,,,,,,
fifi kingsly,elly kelly,3,2,5,3,3,1,5,4,2,2,2,2,6,1,7,4,6,1,8,2,8,8,5,5,3,8,5,6,8,2,2,8,8,7,6,7,8,3,8,7,8,8,8,8,5,7,8,3,,,,,,,,,,,,
zollie danks,elly kelly,1,3,1,3,5,5,2,5,1,1,2,2,5,1,1,1,4,1,8,4,3,6,6,5,5,4,5,7,7,8,7,8,7,7,4,7,4,8,8,8,8,6,4,8,8,6,7,8,,,,,,,,,,,,
katleen trunks,elly kelly,2,3,5,4,5,3,2,4,3,4,4,2,6,3,3,3,1,4,7,8,6,6,5,5,7,6,8,7,3,8,8,7,8,8,6,3,8,8,7,8,8,8,8,8,8,8,8,8,,,,,,,,,,,,
heida cossom,elly kelly,1,3,2,6,1,2,1,3,3,5,5,2,4,3,1,3,3,1,2,5,2,8,3,2,3,8,8,5,8,4,4,5,8,8,6,7,7,5,8,8,7,8,4,8,8,8,7,8,,,,,,,,,,,,
nicola lavall,elly kelly,1,3,4,2,2,7,7,6,3,8,3,2,4,5,2,1,3,2,4,2,7,3,2,7,5,8,3,5,4,3,5,8,7,5,8,7,8,8,8,8,8,8,8,8,8,4,4,6,,,,,,,,,,,,
rossie caitlin,bruce lugo,1,3,2,2,3,3,3,4,3,5,2,3,2,2,1,6,2,1,6,6,7,5,7,7,8,3,8,4,6,4,6,8,3,4,7,7,7,8,6,5,8,7,6,8,8,8,8,5,8,2,6,8,8,8,8,8,8,8,8,8
marmaduke kiefer,bruce lugo,4,4,3,4,5,7,4,1,2,2,2,3,1,4,5,1,3,2,8,1,8,3,8,5,8,6,5,8,6,5,7,2,5,8,7,8,8,5,7,8,8,8,8,8,6,7,8,8,8,7,6,8,8,8,8,8,8,6,8,8
dina mcgookin,bruce lugo,2,3,2,4,1,5,4,3,7,4,3,3,1,4,8,3,3,1,8,4,3,7,7,4,3,5,7,5,8,8,6,7,8,3,8,8,8,8,7,5,8,8,8,8,6,8,8,8,8,8,8,7,8,3,8,8,8,8,8,8
reuven kneaphsey,bruce lugo,3,3,3,5,2,6,5,2,4,1,5,4,1,3,1,1,3,3,7,8,2,4,6,2,4,7,8,2,5,5,4,6,8,6,2,8,8,8,8,8,8,7,8,6,8,8,8,4,6,6,8,8,6,8,8,8,8,8,6,7
stephi duckering,bruce lugo,3,2,2,3,2,1,4,4,1,1,3,5,3,3,2,3,2,1,4,8,3,5,3,5,4,4,5,8,7,6,2,5,5,8,6,7,3,8,4,7,6,7,7,5,7,8,7,8,8,8,7,8,7,7,6,8,8,8,8,6
homer sebborn,bruce lugo,5,3,5,2,2,1,2,2,2,4,1,2,2,1,5,4,3,4,4,5,7,4,4,8,5,1,8,8,7,2,3,5,6,6,3,4,8,8,8,8,7,8,8,8,8,7,8,8,6,8,8,8,8,8,5,8,8,8,8,8
say kleinhausen,bruce lugo,1,1,5,4,1,4,8,3,2,3,8,1,6,5,4,1,2,3,4,8,4,5,7,6,4,3,4,7,1,8,8,4,5,3,6,6,4,8,8,8,8,8,5,8,8,5,7,6,8,8,8,8,4,6,8,8,8,8,8,8
tyler traynor,bruce lugo,1,3,1,2,1,4,1,2,5,2,1,3,4,3,4,3,4,5,3,4,1,5,4,8,6,8,3,8,6,5,2,6,8,5,3,7,8,8,6,8,8,8,5,8,5,5,8,8,8,8,6,8,8,5,8,8,8,6,6,8
johnath tufts,bruce lugo,3,4,3,2,4,1,4,5,4,5,1,3,3,6,1,3,2,6,7,3,3,7,8,8,6,3,5,7,3,8,5,6,7,8,6,8,5,8,8,8,8,8,8,4,8,8,8,6,8,8,8,6,7,8,8,8,5,8,8,8
kristin bardill,bruce lugo,3,4,1,2,5,3,4,1,4,1,6,1,2,1,3,2,2,4,6,1,8,4,8,2,7,2,8,5,6,4,4,8,5,6,5,7,4,8,8,8,8,8,7,8,8,8,8,4,6,8,8,6,8,8,8,8,8,8,7,8
timmie knudsen,ely kely,2,2,2,5,1,2,1,3,2,5,5,4,4,4,1,1,5,4,8,5,8,5,4,8,8,6,8,5,7,7,7,6,8,8,4,8,8,8,8,6,8,8,7,8,8,6,8,8,8,5,8,8,8,8,8,8,8,8,8,8
mona orviss,ely kely,6,4,3,1,3,1,3,5,5,3,6,2,1,1,3,8,2,4,5,3,7,4,4,6,4,3,7,8,8,4,2,3,5,4,4,8,8,7,7,8,7,8,6,8,8,7,8,8,2,8,8,8,8,4,8,8,8,8,8,8
everett o'clery,ely kely,2,6,2,4,2,4,3,4,5,1,3,2,4,4,4,4,3,4,4,4,8,8,5,7,6,7,7,4,5,8,7,5,4,4,6,8,8,8,7,8,8,8,6,8,6,5,6,8,8,7,6,6,5,6,8,8,8,8,8,8
konstanze trynor,ely kely,2,2,1,1,3,4,8,1,1,2,4,3,2,3,4,2,4,4,6,5,6,6,4,5,4,8,6,8,3,4,6,5,8,4,5,5,8,8,8,8,8,8,8,6,8,8,6,7,7,6,6,8,8,8,8,8,8,8,8,8
robinett mcphate,ely kely,1,6,1,5,1,2,2,4,2,2,3,4,1,3,4,1,1,3,2,8,4,8,8,8,8,8,3,7,7,8,8,7,5,6,3,4,7,8,8,4,2,8,8,8,8,8,8,8,5,8,8,8,4,7,8,8,8,8,5,5
ronda aggis,ely kely,1,5,2,4,3,6,6,1,2,3,4,2,3,3,2,3,2,3,8,1,6,4,5,8,3,8,5,8,5,2,5,5,7,6,2,8,6,8,8,6,8,5,8,7,8,8,8,7,6,8,8,8,8,8,8,8,8,8,8,8
caril bayly,ely kely,3,3,1,2,1,3,1,1,3,1,5,1,1,2,3,4,3,5,7,7,8,7,5,5,3,5,6,6,6,2,5,3,4,5,4,5,7,8,8,8,8,8,8,8,8,8,7,7,8,8,6,7,4,8,8,8,8,8,8,8
mari lotterington,ely kely,4,1,2,5,3,2,4,1,5,6,2,2,1,2,5,5,2,2,7,7,6,4,5,6,6,8,4,7,7,7,8,5,8,3,6,4,8,7,7,7,8,8,7,5,8,8,7,8,6,8,7,8,5,8,8,8,8,8,8,8
jacquelynn savin,ely kely,1,2,5,5,1,2,3,3,3,3,7,6,5,2,2,6,2,5,8,5,5,3,8,8,5,7,4,4,8,6,7,8,8,5,6,4,8,8,8,8,6,4,8,8,6,8,8,8,8,8,8,8,8,8,8,8,8,8,8,8
ives weddell,ely kely,4,2,2,2,1,4,3,3,1,2,5,2,3,2,5,1,3,1,8,8,8,4,7,7,4,7,6,4,3,8,6,7,4,1,6,3,5,8,5,3,8,8,8,8,8,8,6,8,8,5,4,6,8,6,8,8,8,8,8,8
gerda yuille,ely kely,3,4,2,2,3,4,5,5,5,5,2,3,6,2,1,6,4,5,6,6,8,5,3,2,6,3,8,7,4,7,7,8,4,3,8,5,6,8,8,8,8,5,8,8,4,8,6,8,7,5,8,8,8,6,8,8,8,8,8,8
pyotr de zuani,trixie orange,1,3,4,2,2,2,3,1,3,6,2,6,1,2,2,2,1,1,,,,,,,,,,,,,,,,,,,,,,,,,,,,,,,,,,,,,,,,,,
vince scott,trixie orange,1,1,4,3,3,4,3,4,2,2,2,1,1,4,5,2,3,3,8,5,7,6,5,4,3,8,7,8,7,8,5,8,7,1,6,4,8,8,8,7,8,8,8,8,8,8,8,8,,,,,,,,,,,,
kellie althorp,trixie orange,3,4,1,1,5,2,2,3,2,6,3,4,1,2,1,4,1,7,5,1,4,2,4,8,6,8,5,5,7,7,8,5,7,6,4,4,8,6,6,8,5,8,3,7,8,8,8,6,,,,,,,,,,,,
aida bothams,trixie orange,4,2,2,3,3,1,7,6,3,1,1,1,4,2,2,1,4,1,3,7,8,8,4,7,2,6,4,7,1,3,4,4,4,3,5,8,8,8,8,8,6,8,8,8,8,8,8,8,,,,,,,,,,,,
nettie civitillo,trixie orange,5,4,3,1,1,6,2,5,2,2,1,2,1,2,3,3,3,3,5,8,5,2,8,5,4,5,8,6,7,5,4,3,2,5,8,8,8,8,7,6,6,6,8,8,8,7,3,7,,,,,,,,,,,,
bernadette gerardi,trixie orange,6,1,3,2,2,3,2,5,4,1,4,3,1,4,1,3,5,2,5,8,8,5,5,7,8,8,7,8,3,8,1,8,5,8,8,2,7,8,8,7,8,7,8,8,8,8,8,8,,,,,,,,,,,,
teddy ham,trixie orange,4,4,2,1,4,1,4,4,5,3,4,2,3,3,3,4,4,8,5,2,5,3,3,7,5,6,4,8,1,8,4,6,6,2,6,7,8,7,8,8,7,5,8,7,8,8,8,8,,,,,,,,,,,,
ivory linnemann,trixie orange,2,1,3,1,3,4,1,3,1,4,2,1,4,1,2,4,4,6,4,8,1,7,6,7,4,7,7,6,4,8,8,8,2,3,8,7,7,8,8,8,8,8,8,8,8,8,8,7,,,,,,,,,,,,
onida tregear,trixie orange,6,3,1,5,2,2,5,2,5,1,6,4,3,2,1,2,5,4,8,3,8,7,8,3,8,8,4,8,3,8,8,2,3,3,6,8,8,2,8,7,8,8,8,8,8,8,8,8,,,,,,,,,,,,
jacki pinkstone,trixie orange,2,1,2,2,4,2,4,1,4,3,2,1,2,2,3,3,5,3,4,3,6,8,5,3,3,1,5,5,7,5,5,6,3,4,8,4,6,8,8,8,5,8,7,8,8,8,8,5,,,,,,,,,,,,
kaleb cappel,trixie orange,4,5,5,4,1,3,4,3,1,2,3,2,5,3,1,4,1,3,8,1,7,8,4,8,5,5,7,6,8,4,2,4,4,5,8,4,8,8,8,8,8,7,8,8,8,5,6,8,,,,,,,,,,,,
gussy mathias,john sandbox,6,3,2,4,5,6,6,2,7,6,1,2,3,5,3,1,3,2,6,6,5,1,5,3,7,7,8,3,3,8,6,8,2,8,3,2,6,8,5,8,8,8,4,8,5,8,6,8,8,8,8,5,8,4,8,8,8,8,6,8
shawn bowmer,john sandbox,8,2,2,1,3,5,1,2,2,1,8,3,1,5,2,2,1,1,4,7,6,4,6,8,8,8,4,7,6,4,7,8,4,5,4,5,8,8,7,8,8,8,8,8,8,8,8,8,8,8,7,7,8,7,8,7,8,8,8,8
arda disbrow,john sandbox,2,2,4,2,2,4,5,3,5,2,1,1,7,6,1,3,4,2,6,7,7,4,5,6,8,4,4,4,8,6,8,7,8,5,7,8,5,6,8,8,5,8,7,8,8,8,5,8,6,8,3,8,8,8,8,8,8,8,8,8
el durante,john sandbox,2,2,5,4,3,1,3,5,3,2,3,1,3,4,2,1,2,4,8,8,8,6,4,8,8,2,6,2,6,3,7,7,2,8,3,8,8,8,4,8,8,3,7,8,8,8,8,8,8,8,8,8,8,8,8,8,8,8,8,8
dionysus garter,john sandbox,3,2,1,3,4,5,4,1,3,2,6,1,3,2,2,2,1,3,7,7,6,8,4,8,6,7,2,8,4,4,7,2,5,4,2,8,7,8,8,8,7,8,8,5,6,6,8,6,7,6,8,6,8,8,8,8,8,8,8,8
connor gegg,john sandbox,1,1,1,2,3,2,,,,,,,,,,,,,,,,,,,,,,,,,,,,,,,,,,,,,,,,,,,,,,,,,,,,,,
barrie schruurs,john sandbox,1,5,2,1,2,2,3,1,5,7,3,5,2,3,3,5,2,4,8,6,5,8,4,5,5,8,3,5,8,4,3,7,6,8,6,7,8,8,5,8,8,8,8,7,6,5,8,7,8,8,8,8,5,8,8,8,8,8,8,8
fletcher ayllett,john sandbox,1,3,2,4,2,2,3,3,2,4,4,4,1,1,4,3,4,1,7,6,6,8,7,6,4,8,8,8,4,4,8,8,7,6,8,6,2,8,8,8,6,8,8,8,5,8,8,6,8,8,8,6,8,8,8,8,8,8,8,8
slade cannavan,john sandbox,5,4,2,6,3,4,5,3,4,6,2,3,3,2,3,3,3,1,4,5,7,8,7,8,8,3,6,6,8,5,7,7,8,8,6,2,7,8,8,8,8,8,8,8,8,8,8,4,7,8,8,4,6,8,8,8,2,8,8,8
bert spall,john sandbox,3,3,6,3,7,1,3,1,3,3,4,2,1,1,3,3,4,3,6,8,8,6,6,3,8,8,5,8,3,6,6,3,5,5,7,3,8,7,6,7,6,8,7,4,8,6,8,7,5,4,8,6,8,8,8,8,8,8,8,8
denyse worley,edward reinhart,4,3,2,1,6,1,3,1,5,5,1,4,5,2,5,4,1,5,3,8,5,3,6,3,3,8,5,5,6,3,4,8,3,5,6,8,7,8,8,8,8,8,8,8,5,8,8,8,,,,,,,,,,,,
jard antonowicz,edward reinhart,1,5,5,3,2,3,2,3,4,2,1,3,1,3,4,2,2,5,8,5,7,1,4,5,6,6,8,8,5,7,4,3,4,7,5,8,8,8,7,7,6,8,5,8,8,8,8,8,,,,,,,,,,,,
burtie clubley,edward reinhart,7,1,5,1,3,4,2,4,2,4,1,3,2,2,5,2,5,3,6,8,3,5,8,2,8,8,8,7,3,8,4,5,3,4,8,4,8,8,8,8,6,5,8,7,5,8,7,8,,,,,,,,,,,,
idaline gadeaux,edward reinhart,2,3,4,1,4,4,6,5,2,2,1,2,2,5,2,3,3,1,3,3,6,8,8,3,6,4,8,6,4,6,6,4,7,4,4,1,5,8,6,5,6,4,8,7,8,8,8,7,,,,,,,,,,,,
gaspard dunn,edward reinhart,1,1,3,4,3,4,1,1,3,4,2,2,1,1,4,3,3,4,6,8,3,7,7,5,8,5,2,8,8,7,8,4,8,7,4,5,4,8,8,8,8,8,8,2,8,8,8,7,,,,,,,,,,,,
reg mcreynold,edward reinhart,1,3,2,1,2,3,4,4,3,3,3,1,3,2,6,3,4,1,8,3,7,6,8,1,7,4,8,6,4,5,7,5,6,2,8,3,3,6,8,8,8,8,6,8,8,8,8,8,,,,,,,,,,,,
penni grioli,edward reinhart,3,3,2,5,4,4,3,1,2,4,1,1,2,4,3,2,3,4,1,2,7,6,7,5,8,4,6,7,8,6,8,8,6,7,8,8,8,8,8,8,8,6,7,8,8,7,8,4,,,,,,,,,,,,
kial gowdy,edward reinhart,3,2,3,3,1,2,1,2,4,5,3,5,3,4,7,2,7,1,8,8,6,2,1,4,2,2,7,1,1,8,6,3,8,3,4,6,8,6,8,5,8,8,6,8,6,8,8,8,,,,,,,,,,,,
haskell mcdonnell,edward reinhart,5,1,1,4,4,1,2,4,1,3,6,1,1,5,4,1,2,3,8,3,5,6,8,7,5,2,5,8,4,3,3,7,1,6,4,7,8,7,8,8,5,6,8,8,8,8,8,8,,,,,,,,,,,,
jeffy dudding,edward reinhart,2,3,4,2,2,3,5,2,5,2,1,2,1,2,3,4,1,2,5,5,4,8,8,7,6,5,8,5,7,8,7,6,8,5,3,6,8,8,8,8,8,8,6,8,8,6,6,7,,,,,,,,,,,,
damaris vallance,edward reinhart,4,5,3,2,3,2,3,2,5,4,1,1,6,3,2,3,1,4,8,5,8,8,4,8,8,3,1,3,8,5,4,4,8,4,5,4,8,7,7,8,8,8,8,7,8,8,8,8,,,,,,,,,,,,
stacee kidson,edward reinhart,2,3,2,3,1,3,5,5,1,4,4,1,2,3,3,3,1,6,4,7,2,6,5,6,6,6,4,7,5,8,7,2,5,8,7,7,8,8,8,8,8,8,8,7,8,8,6,8,,,,,,,,,,,,
anica vallis,edward reinhart,1,5,4,2,7,4,5,4,2,4,3,6,4,4,5,3,2,8,6,8,8,6,6,3,3,6,8,8,4,7,8,7,5,5,8,5,7,8,8,6,8,6,8,4,8,8,8,8,,,,,,,,,,,,
emmey wadforth,lucy foster,4,1,7,3,2,1,1,1,3,2,1,4,2,3,2,2,2,1,8,5,4,3,8,5,2,4,8,6,7,3,3,2,4,1,4,4,8,8,7,8,8,4,5,7,5,5,8,8,5,6,8,8,8,8,8,7,8,8,8,8
sayer weedon,lucy foster,1,5,7,1,3,2,6,1,5,3,1,3,4,5,4,2,3,1,7,2,8,8,7,5,4,8,4,8,8,8,3,5,2,4,6,2,3,7,6,7,8,8,8,8,8,8,8,7,8,8,8,8,8,8,8,8,8,8,8,8
norbie iacobucci,lucy foster,2,2,1,2,3,1,,,,,,,,,,,,,,,,,,,,,,,,,,,,,,,,,,,,,,,,,,,,,,,,,,,,,,
lynnell samber,lucy foster,4,5,1,4,5,2,1,3,3,5,3,4,4,4,3,3,3,3,5,6,8,2,5,7,6,5,6,5,8,7,5,6,8,5,2,8,3,8,5,3,6,8,8,8,7,7,8,8,8,8,6,8,8,8,6,8,8,6,8,8
hogan bushnell,lucy foster,1,3,3,2,5,4,4,2,5,4,2,3,1,3,3,8,8,3,6,2,5,4,4,7,8,5,4,7,8,8,5,7,5,5,5,3,7,8,3,4,7,8,8,7,8,4,8,8,8,8,8,8,8,8,8,8,8,8,5,8
scott duny,lucy foster,1,7,5,1,1,3,3,2,2,3,4,1,2,5,1,2,1,3,7,7,7,6,5,4,7,7,6,7,6,8,5,2,7,7,3,5,8,5,5,8,7,8,8,8,8,8,4,4,8,8,8,2,8,8,8,8,8,8,8,8
viv newby,lucy foster,3,3,1,3,2,5,5,1,1,4,4,1,4,7,1,2,3,4,5,3,7,8,7,8,6,8,7,5,4,7,5,8,8,3,3,2,8,6,3,8,8,8,8,6,7,5,8,8,8,8,8,8,8,4,8,8,8,8,8,8
louise dowse,lucy foster,3,1,7,1,1,4,3,5,6,2,6,4,2,2,6,3,4,2,7,5,7,4,6,8,8,2,4,8,4,5,6,3,8,6,4,6,8,8,8,5,8,8,6,8,8,7,8,8,8,5,5,8,8,8,8,8,8,8,8,8
haroun mccrohon,lucy foster,2,5,3,6,5,4,3,2,1,3,1,2,1,3,3,2,6,1,4,4,2,8,8,8,7,8,7,8,3,8,7,8,7,7,7,3,7,8,8,8,5,8,8,5,8,8,8,8,8,8,7,8,8,8,8,8,8,8,8,8
devan claricoats,lucy foster,3,2,2,4,4,4,2,2,2,1,5,3,2,3,5,1,1,2,5,8,5,8,5,6,5,7,3,6,6,5,5,4,8,7,8,1,8,8,8,8,7,8,6,8,8,8,8,4,7,8,8,8,8,5,8,8,8,8,7,8
matthaeus audas,lucy foster,5,4,3,3,3,2,1,1,1,4,2,4,2,6,5,1,4,5,8,5,6,4,8,2,2,8,7,8,6,4,8,5,1,6,4,7,8,7,8,7,8,7,7,8,8,8,8,8,8,8,8,5,8,4,8,8,8,8,8,8
halsey broader,lucy foster,2,1,1,6,3,2,6,6,3,3,2,1,3,6,7,5,2,1,7,6,6,6,8,3,2,5,7,6,6,4,7,4,8,3,3,8,8,8,8,6,8,8,8,5,8,8,8,8,8,8,6,8,8,8,5,8,8,8,8,8
rina soffe,lucy foster,4,3,4,4,2,5,4,3,4,3,4,3,2,3,2,2,2,2,8,8,8,5,5,5,4,5,8,6,4,2,8,6,3,2,6,3,4,8,8,3,7,7,8,6,8,8,6,8,8,3,8,4,8,7,8,8,8,8,8,7
marcy treat,gina cartwright,6,5,2,2,4,5,5,3,4,3,2,4,3,1,2,2,2,6,3,4,7,6,6,8,6,6,2,8,8,8,3,7,2,6,4,6,5,8,8,7,8,5,8,8,8,7,8,7,,,,,,,,,,,,
heindrick mckiddin,gina cartwright,5,3,2,3,3,3,1,3,3,1,2,3,5,2,7,1,4,5,5,5,8,5,5,2,4,4,8,8,1,8,5,7,6,8,4,6,8,6,8,6,7,8,5,7,5,8,5,4,,,,,,,,,,,,
danella winkett,gina cartwright,6,3,6,1,1,3,3,7,1,2,5,1,3,1,2,3,4,1,3,8,4,7,5,5,3,4,4,1,7,5,2,5,7,7,8,8,3,7,8,6,8,6,8,8,8,8,8,6,,,,,,,,,,,,
darrin perrelle,gina cartwright,3,1,2,4,6,2,3,5,7,6,2,3,7,2,2,5,3,2,6,2,6,7,3,8,8,5,4,2,6,6,5,8,8,8,7,5,8,8,8,5,6,6,3,8,2,7,8,8,,,,,,,,,,,,
janelle forbear,gina cartwright,1,4,1,3,4,6,2,1,2,3,4,2,3,5,2,3,1,2,8,8,8,1,8,4,6,7,7,7,7,7,8,8,4,7,6,4,8,8,8,7,8,6,8,8,8,7,8,8,,,,,,,,,,,,
sorcha argue,gina cartwright,1,4,2,4,5,6,2,1,1,2,6,6,3,5,3,2,2,2,8,3,8,7,8,7,4,6,7,6,5,7,4,6,8,5,5,6,8,8,6,8,8,8,6,8,8,8,8,8,,,,,,,,,,,,
toddie rubanenko,gina cartwright,6,1,3,4,3,1,1,1,4,4,6,1,3,2,3,1,3,4,5,6,4,1,8,3,8,8,7,8,7,8,8,6,5,3,7,8,8,8,8,8,8,6,8,8,6,7,8,7,,,,,,,,,,,,
selby floyd,gina cartwright,4,4,1,4,5,3,2,5,4,3,3,2,2,4,5,4,1,3,8,6,7,8,4,6,8,7,8,7,1,7,3,7,2,5,6,6,8,8,8,8,8,4,6,8,8,8,8,6,,,,,,,,,,,,
claudio handrick,gina cartwright,4,3,3,1,4,2,1,3,4,2,1,3,1,1,3,4,3,1,7,8,6,6,5,6,8,6,7,8,7,7,8,8,5,4,5,7,8,8,8,4,8,7,8,6,4,4,8,8,,,,,,,,,,,,
kingston comsty,gina cartwright,2,3,5,4,5,3,2,8,4,2,2,4,3,4,3,3,7,1,7,5,7,6,5,8,4,8,8,8,3,5,7,6,8,4,5,8,8,8,8,8,8,7,8,8,5,8,8,5,,,,,,,,,,,,
benedikt cohani,gina cartwright,2,1,2,4,1,8,6,1,4,3,1,1,4,6,3,6,3,1,5,6,7,8,8,4,8,8,7,6,6,7,5,8,6,7,3,8,8,8,7,8,5,8,8,8,8,8,8,8,,,,,,,,,,,,
morgen lilywhite,gina cartwright,3,2,4,4,4,4,2,5,1,4,3,3,3,4,2,1,3,4,6,8,8,5,4,8,6,7,8,5,6,2,6,5,8,5,8,8,5,8,8,8,7,8,7,8,8,8,6,8,,,,,,,,,,,,
job restall,gina cartwright,3,3,2,2,2,4,2,3,1,5,3,4,1,4,3,2,3,6,6,7,6,8,2,6,8,8,6,6,6,7,8,4,4,6,5,4,8,8,8,6,8,4,8,8,8,7,8,8,,,,,,,,,,,,
wilhelm jouanet,gina cartwright,1,2,4,3,3,2,5,2,5,4,2,1,1,5,4,3,3,6,7,8,6,8,4,6,8,8,8,6,8,6,8,3,7,3,4,8,6,6,8,7,6,6,8,8,8,8,8,7,,,,,,,,,,,,
malvina whiteford,lucy foster,3,2,2,6,3,1,2,4,2,2,5,2,1,2,7,2,2,2,8,5,6,7,7,5,6,5,6,3,4,5,6,6,5,7,7,1,7,8,8,4,5,8,8,8,8,7,7,7,8,8,8,6,8,8,8,8,8,6,8,8
belle catherall,lucy foster,3,5,4,4,1,1,3,8,2,5,1,1,3,1,2,5,1,4,4,8,7,6,8,5,8,5,4,4,1,7,4,7,5,6,5,4,8,8,8,8,8,6,4,2,6,8,8,8,8,8,8,8,4,7,8,7,8,8,8,8
ortensia winscomb,lucy foster,2,2,7,1,2,2,1,5,5,3,4,2,1,3,6,1,2,4,3,5,3,6,6,8,8,5,7,2,6,8,2,8,6,6,7,5,8,7,8,8,8,6,6,8,8,8,4,8,8,8,8,8,1,8,8,8,8,8,8,8
staffard load,lucy foster,3,4,3,2,4,2,1,8,3,2,2,4,3,7,2,2,2,5,8,5,4,8,8,4,6,6,4,4,5,5,6,7,7,3,8,5,8,8,8,3,8,8,8,7,8,8,8,8,6,8,8,8,4,7,8,8,8,8,8,8
bowie endersby,lucy foster,4,5,1,2,2,3,3,6,1,4,2,3,3,6,2,4,4,1,6,8,8,5,5,5,3,8,7,2,8,8,7,7,6,4,4,7,8,3,8,7,5,8,8,3,7,6,8,8,6,8,8,5,8,8,8,8,8,8,8,5
tonye ambrogio,lucy foster,3,5,3,4,1,2,2,1,3,4,2,5,1,1,3,5,1,2,4,7,8,8,2,4,8,6,5,8,7,8,8,5,5,4,6,5,8,8,8,8,8,8,8,8,7,8,8,8,8,8,8,8,8,8,8,8,8,8,8,8
celina polley,lucy foster,2,3,3,6,2,2,2,2,7,3,1,5,2,3,3,8,3,2,6,7,7,6,8,6,8,8,4,6,5,8,5,6,4,6,8,6,8,2,8,8,8,8,8,6,8,8,8,8,8,6,4,5,8,6,8,8,8,8,8,8
muhammad linn,lucy foster,3,3,2,3,7,1,3,2,4,1,3,4,1,3,2,3,5,1,8,8,4,5,3,8,6,7,6,3,8,1,2,8,8,8,7,7,6,8,7,5,5,8,8,6,8,8,7,8,7,8,8,1,8,4,8,8,8,7,8,8
farica harding,lucy foster,4,4,1,3,1,4,5,4,6,5,3,4,3,3,2,3,2,4,8,7,6,6,5,5,3,8,5,8,6,7,5,8,8,2,5,8,8,8,8,8,8,8,8,7,5,7,8,7,8,8,8,4,8,7,8,8,8,8,8,8
marquita forrington,lucy foster,1,1,4,1,4,1,5,6,1,1,1,3,5,7,5,3,4,5,8,8,3,6,6,5,5,3,4,8,5,6,5,8,6,4,2,8,6,8,8,8,5,8,8,8,6,8,8,8,7,4,8,8,8,8,8,8,8,8,8,8
muffin jandel,lucy foster,5,4,3,5,3,1,3,3,5,2,1,3,1,1,2,2,1,3,,,,,,,,,,,,,,,,,,,,,,,,,,,,,,,,,,,,,,,,,,
nadya pineaux,lucy foster,5,2,1,4,2,4,3,4,5,1,1,3,5,5,6,4,1,1,6,6,2,8,3,8,8,3,7,4,8,8,8,8,8,8,5,4,7,8,8,6,8,8,8,4,8,8,8,8,8,6,6,8,8,8,8,8,8,8,8,8
dewitt milborn,lucy foster,1,2,2,1,1,2,,,,,,,,,,,,,,,,,,,,,,,,,,,,,,,,,,,,,,,,,,,,,,,,,,,,,,
levy standage,lucy foster,1,3,8,2,2,5,2,6,4,5,2,7,3,2,3,2,1,3,8,3,8,1,6,4,8,8,1,8,7,6,8,8,8,4,5,8,8,8,8,8,8,5,8,8,8,8,8,8,7,3,8,8,8,8,8,8,8,8,7,8
silvain kuhwald,lucy foster,4,4,1,4,5,4,3,5,1,5,3,4,3,3,5,1,4,2,8,4,3,6,4,6,5,6,4,6,7,6,6,6,6,5,7,3,8,8,8,8,8,8,8,8,8,8,8,8,8,8,6,8,4,8,8,8,8,8,8,8
aguie morrad,lucy foster,6,2,1,5,6,5,4,1,5,5,4,3,1,2,1,3,5,1,7,8,8,3,4,5,8,5,7,4,4,8,1,6,7,5,8,5,3,6,6,8,8,8,8,5,8,8,8,8,8,7,8,8,8,8,8,8,8,6,8,8
bertram esgate,lucy foster,2,4,3,1,4,3,3,2,3,1,4,2,3,8,1,2,1,1,8,3,7,1,8,6,5,8,3,6,8,5,3,7,3,7,7,8,8,5,7,8,8,8,8,6,5,5,4,7,8,8,8,4,8,8,8,7,8,8,8,8
marlon reside,lucy foster,5,2,1,3,1,6,8,5,3,1,4,2,1,3,5,3,1,4,4,6,5,7,4,4,7,6,7,4,4,7,8,6,6,6,2,5,6,6,8,8,6,8,8,8,8,8,8,8,8,5,4,8,8,8,8,8,8,8,8,8
micheal di matteo,lucy foster,2,3,3,1,3,5,2,4,1,1,5,1,2,4,4,3,1,3,3,8,7,8,8,5,1,6,5,3,7,8,8,8,5,3,7,6,8,8,3,7,8,8,4,3,8,7,6,8,8,5,8,8,6,8,8,8,6,8,8,8
regina calver,lucy foster,3,4,2,7,6,1,2,3,6,5,2,1,3,2,2,5,3,7,4,4,8,1,7,8,5,6,5,4,8,3,8,5,7,4,8,8,4,8,8,3,7,8,7,8,8,8,8,8,6,8,8,7,8,8,8,8,8,8,8,8
jodie kaygill,lucy foster,3,2,1,2,4,1,2,3,3,3,3,1,2,1,2,7,3,2,3,6,8,2,4,8,7,5,5,3,8,4,8,8,5,8,4,6,8,4,8,8,4,7,8,8,8,8,7,8,7,8,8,8,8,8,8,8,8,8,8,6
ingunna adin,lucy foster,3,1,4,4,1,3,1,3,3,3,2,2,4,4,3,1,8,1,4,8,7,6,8,5,4,8,6,8,7,4,8,7,8,3,4,7,7,3,8,8,8,6,7,8,8,8,5,6,4,8,8,8,6,8,8,8,8,8,8,8
carlos gerckens,lucy foster,1,3,4,4,3,2,1,2,4,5,3,7,4,2,2,1,3,1,4,4,6,7,8,8,4,5,7,8,4,6,3,8,3,8,4,6,6,8,5,6,6,7,8,6,8,8,8,8,8,8,7,8,8,8,8,8,8,8,8,8
sherline cudihy,lucy foster,3,4,4,8,1,4,3,6,4,4,3,4,1,2,2,3,1,4,6,8,6,5,8,2,5,4,8,3,8,5,5,7,5,8,5,2,8,5,8,7,7,8,8,8,8,6,5,8,8,8,8,8,5,8,8,8,8,8,8,8
trudie kiellor,lucy foster,5,3,5,7,2,4,3,1,2,4,3,2,2,4,1,3,2,3,4,6,5,3,8,4,3,5,6,5,8,4,2,8,2,8,8,6,3,6,8,7,8,8,6,8,8,8,8,8,6,8,8,8,7,8,8,8,8,8,8,8
edvard northen,lucy foster,3,5,4,3,2,7,5,3,1,3,1,4,2,2,3,5,1,2,7,7,4,8,6,6,6,7,4,2,8,4,8,2,6,8,3,2,8,8,7,8,6,8,3,8,7,6,7,8,8,6,6,8,7,8,8,8,8,8,8,8
alwin bullman,lucy foster,2,2,4,2,3,3,5,2,1,3,1,2,6,4,5,1,2,3,5,5,3,6,5,8,8,3,8,8,3,6,5,8,6,6,8,4,8,3,8,5,5,8,8,8,5,8,4,5,7,8,8,8,5,8,8,8,8,8,8,8
bob rogerson,lucy foster,2,4,1,3,3,5,2,3,2,3,8,1,6,3,2,5,4,1,6,5,5,5,5,8,4,3,5,4,5,2,7,6,2,3,8,7,5,8,8,6,8,8,8,5,8,8,3,8,7,8,4,8,8,8,8,8,8,8,8,8
kerr coucha,lucy foster,3,5,3,2,3,5,2,5,4,3,3,4,3,3,4,4,5,5,6,5,8,4,2,8,8,3,6,5,7,5,8,5,8,8,6,2,8,6,8,5,8,6,8,8,8,7,8,7,5,8,5,8,7,8,8,8,8,8,8,8
nancie mehaffey,lucy foster,4,4,5,3,2,1,1,5,6,1,1,1,3,5,2,2,8,2,8,8,6,8,8,7,6,5,4,6,4,7,4,5,8,6,5,5,8,8,8,8,8,8,8,4,8,8,8,7,8,8,8,5,8,8,8,8,8,8,8,8
violet luscombe,lucy foster,4,7,2,1,4,2,4,5,6,4,3,5,3,8,4,3,4,5,7,8,8,8,5,7,8,8,8,5,5,8,8,8,8,6,7,6,4,8,8,7,6,5,7,8,8,8,8,8,8,8,8,8,8,8,8,8,8,8,8,8
cora klausewitz,lucy foster,3,1,2,2,3,2,1,2,3,1,4,3,2,5,2,1,4,3,6,7,5,8,8,3,7,6,6,8,4,6,7,8,5,5,6,8,6,8,2,8,6,8,8,8,6,8,8,8,8,8,8,7,8,7,8,8,8,8,8,8
scarface gallihaulk,lucy foster,8,2,2,1,2,1,3,2,7,3,2,7,1,5,2,3,4,2,4,8,8,8,7,6,8,6,8,3,7,8,4,5,4,7,2,8,8,8,5,8,5,8,7,6,8,8,6,8,8,8,8,8,4,8,8,8,7,8,8,8
anna lamperti,lucy foster,5,3,2,2,5,4,3,2,1,3,2,3,1,1,4,5,4,5,8,7,8,8,8,8,7,8,4,8,8,8,6,7,7,4,4,4,6,8,7,6,8,4,8,8,8,5,6,8,8,8,8,8,8,7,8,8,8,8,8,7
collin commins,lucy foster,2,4,4,4,5,1,2,2,3,6,3,3,2,2,3,2,3,4,4,5,8,8,6,6,6,6,3,8,8,2,7,7,7,4,8,4,8,8,8,8,8,8,8,4,8,8,8,8,8,8,4,8,6,8,8,8,8,8,5,8
chrissy bartholin,lucy foster,2,4,1,3,4,3,2,1,1,2,1,3,,,,,,,,,,,,,,,,,,,,,,,,,,,,,,,,,,,,,,,,,,,,,,,,
baird reynoollds,lucy foster,4,3,1,1,1,5,2,3,1,2,1,3,5,3,1,3,3,1,2,8,3,4,8,8,8,8,6,3,3,6,4,6,1,8,7,8,5,8,8,7,8,8,8,7,4,7,8,1,8,8,8,7,8,5,8,8,8,8,8,8
vasili cartledge,lucy foster,3,2,3,2,2,5,4,4,1,3,1,4,1,4,6,2,1,2,7,8,5,5,3,2,6,4,4,3,5,4,5,7,5,3,3,7,8,8,8,8,8,3,8,8,8,7,8,8,8,8,8,8,4,8,8,8,8,8,8,8
otes kemster,gina cartwright,1,3,2,4,6,2,1,1,6,4,3,3,4,8,2,4,7,1,6,4,8,8,6,8,8,5,6,8,3,8,6,7,3,6,8,8,8,8,8,6,5,8,8,8,8,8,8,8,8,8,8,8,8,7,6,8,8,8,8,8
kahaleel tatem,gina cartwright,5,3,4,3,4,3,3,2,1,2,6,4,1,2,4,5,3,5,4,7,3,7,4,6,8,7,8,7,6,7,6,6,8,7,4,8,8,8,8,8,8,8,2,8,6,8,4,8,4,8,8,8,8,8,8,8,8,8,8,8
antonetta rustedge,gina cartwright,3,3,5,4,2,4,1,3,3,3,2,4,7,1,1,3,4,4,8,5,2,2,4,4,8,7,6,6,8,8,4,6,6,8,5,6,8,5,8,7,8,7,8,8,8,6,8,8,8,8,8,8,5,8,8,8,8,8,8,8
anestassia gadman,gina cartwright,7,2,2,1,1,4,5,3,2,2,5,2,1,5,4,3,7,7,6,1,5,7,8,8,8,3,7,4,7,2,7,3,3,5,8,7,7,8,4,8,6,8,8,4,8,7,8,8,8,8,7,8,7,5,8,5,8,8,8,8
babara veazey,gina cartwright,6,4,3,4,4,3,2,4,1,3,3,2,1,1,2,3,1,3,,,,,,,,,,,,,,,,,,,,,,,,,,,,,,,,,,,,,,,,,,
candie senner,gina cartwright,2,3,3,2,4,2,3,3,2,3,4,1,3,1,1,1,3,2,,,,,,,,,,,,,,,,,,,,,,,,,,,,,,,,,,,,,,,,,,
sydelle russo,gina cartwright,1,4,5,5,1,6,4,2,1,1,1,6,6,3,2,2,3,2,8,8,3,5,8,6,5,5,6,4,4,6,4,8,7,3,4,6,8,8,8,6,4,8,8,8,8,4,8,5,8,8,8,8,4,7,8,8,8,8,8,8
warner harse,gina cartwright,3,4,3,1,6,6,1,1,5,6,1,2,2,3,1,2,1,3,6,1,1,3,8,5,5,5,3,5,5,8,5,5,7,5,5,7,8,8,8,8,8,8,8,8,7,8,6,7,6,8,8,7,6,8,8,8,8,8,8,8
tabbatha kullmann,gina cartwright,1,7,4,5,2,4,4,6,5,5,4,2,2,3,4,3,1,3,8,5,6,8,6,6,8,2,3,3,7,3,8,8,8,6,8,5,6,8,7,8,8,7,7,6,4,8,8,8,8,8,7,4,8,8,6,8,8,8,8,8
drucie bianco,gina cartwright,6,4,3,3,1,4,4,3,3,2,4,1,4,2,4,3,4,2,6,8,2,8,3,5,5,3,5,5,8,5,7,7,2,5,4,3,8,5,6,8,6,4,8,8,8,5,8,6,6,8,5,8,7,7,8,8,8,8,8,8
malvin penrith,gina cartwright,1,4,1,2,2,1,,,,,,,,,,,,,,,,,,,,,,,,,,,,,,,,,,,,,,,,,,,,,,,,,,,,,,
clay perillo,gina cartwright,1,3,6,1,4,3,5,8,3,4,2,5,4,5,3,3,1,5,1,3,7,6,7,7,5,7,7,6,1,5,4,8,5,2,7,5,8,8,8,8,6,5,8,8,8,8,5,8,2,8,8,6,8,8,8,8,8,8,8,6
sandy droogan,edward reinhart,3,2,3,4,6,1,2,1,2,1,1,3,,,,,,,,,,,,,,,,,,,,,,,,,,,,,,,,,,,,,,,,,,,,,,,,
othilia hutton,edward reinhart,1,4,1,4,4,2,1,3,6,3,2,6,2,1,4,2,1,2,5,6,6,6,8,7,3,8,4,8,4,5,8,6,6,4,3,4,6,8,5,8,7,7,8,8,8,8,8,7,7,3,7,8,8,8,8,8,8,8,8,8
lindon mee,edward reinhart,1,1,1,5,4,2,2,5,1,5,2,3,5,6,5,2,2,3,3,4,5,5,8,6,6,5,7,8,8,7,5,3,8,7,8,7,8,8,8,8,8,7,8,7,8,8,7,8,8,8,4,8,8,7,8,8,8,8,8,8
danella leisk,edward reinhart,3,4,2,4,3,2,5,5,4,3,1,2,5,4,2,3,4,5,8,5,5,8,7,3,5,3,6,8,4,4,4,7,5,6,7,8,8,7,5,5,8,5,6,7,8,5,8,7,3,8,8,8,8,8,8,8,8,8,8,6
waylan gors,edward reinhart,5,4,1,7,2,1,1,3,2,4,4,1,3,1,5,5,1,1,7,6,8,4,4,5,5,8,8,4,6,6,3,8,7,8,5,7,8,6,8,8,8,8,8,8,8,8,8,8,8,6,8,8,6,8,8,8,8,7,8,7
gisela andrea,edward reinhart,2,3,3,3,1,5,2,5,2,5,2,4,5,2,4,3,3,2,3,5,5,5,6,6,5,7,2,5,5,7,5,8,8,8,4,5,8,4,8,8,8,8,6,8,8,8,3,8,6,8,6,8,7,5,8,8,8,8,8,8
augusta gilfoy,edward reinhart,4,6,3,3,2,1,2,3,2,6,4,3,4,2,1,1,7,2,8,8,8,5,4,6,5,8,2,1,7,8,6,6,5,7,8,6,8,8,7,8,8,6,8,8,8,8,8,6,8,6,8,8,4,8,8,4,8,8,8,8
pier spatig,edward reinhart,1,5,4,3,1,1,1,3,2,1,2,2,,,,,,,,,,,,,,,,,,,,,,,,,,,,,,,,,,,,,,,,,,,,,,,,
brenna mcgroarty,edward reinhart,2,6,2,1,1,1,3,2,5,4,3,1,2,3,1,3,3,4,6,6,7,5,8,8,2,7,3,5,8,8,8,5,7,8,7,2,8,7,8,8,8,8,8,4,8,8,8,8,8,7,8,8,7,6,6,8,8,8,8,8
susannah bengough,john sandbox,2,4,5,3,6,1,1,1,1,5,6,2,2,2,4,3,6,8,5,2,3,5,5,8,5,3,1,6,6,3,7,8,4,7,8,8,8,6,8,8,8,5,6,8,8,8,8,8,,,,,,,,,,,,
madison getch,john sandbox,4,4,1,1,2,4,1,5,4,3,3,2,1,2,6,2,6,4,7,6,5,6,6,5,5,8,6,7,7,4,7,2,6,7,5,8,8,8,8,8,8,8,7,8,7,8,5,8,,,,,,,,,,,,
leicester banker,john sandbox,3,6,4,2,4,5,3,7,4,1,1,5,5,3,5,1,7,3,1,4,7,4,6,8,8,3,4,8,8,5,7,7,2,6,6,8,6,8,4,8,6,8,8,8,8,8,7,3,,,,,,,,,,,,
murvyn aers,john sandbox,4,4,4,3,5,2,1,1,4,7,2,3,5,4,3,3,3,2,6,7,4,7,8,4,6,5,6,8,6,8,5,4,6,6,6,8,7,7,8,6,7,8,8,6,6,5,8,8,,,,,,,,,,,,
morley battell,john sandbox,5,1,3,2,4,3,5,1,5,2,3,3,1,6,2,3,2,1,8,8,6,4,4,7,8,5,6,7,1,7,8,5,8,5,5,4,8,5,8,8,8,8,7,8,6,3,8,6,,,,,,,,,,,,
juliane jacobssen,john sandbox,5,6,1,5,2,4,5,3,5,8,1,3,4,1,1,1,2,4,3,7,6,6,8,2,3,4,1,3,6,5,6,6,6,6,6,5,6,8,4,4,8,8,6,8,8,6,8,2,,,,,,,,,,,,
teirtza docharty,john sandbox,3,1,1,1,2,2,,,,,,,,,,,,,,,,,,,,,,,,,,,,,,,,,,,,,,,,,,,,,,,,,,,,,,
arny dobrowolny,john sandbox,6,1,1,3,1,2,2,3,1,3,2,3,8,4,4,3,4,2,7,4,6,8,7,4,4,5,8,8,4,6,6,5,4,6,6,6,4,8,8,8,8,8,8,8,8,8,8,8,,,,,,,,,,,,
derby mcglashan,john sandbox,5,1,3,4,1,2,2,7,2,2,3,2,2,6,4,1,4,5,5,6,8,4,7,4,8,8,8,3,3,6,2,5,8,6,8,8,8,8,6,8,8,8,8,4,8,8,8,8,,,,,,,,,,,,
sharron starling,john sandbox,3,5,4,1,2,1,1,3,1,6,1,4,1,1,2,2,3,1,,,,,,,,,,,,,,,,,,,,,,,,,,,,,,,,,,,,,,,,,,
amalea harrell,john sandbox,2,3,1,6,5,1,3,2,2,2,1,1,,,,,,,,,,,,,,,,,,,,,,,,,,,,,,,,,,,,,,,,,,,,,,,,
finn maasze,john sandbox,5,3,5,3,2,2,1,1,3,1,1,5,7,3,3,1,2,2,8,7,5,6,4,7,4,6,6,5,6,7,3,3,7,4,3,8,8,8,7,8,4,8,8,7,3,8,8,7,,,,,,,,,,,,
gianina wandless,trixie orange,3,1,8,4,4,1,4,1,5,3,1,3,5,5,3,2,2,3,5,6,6,6,2,8,3,3,4,8,5,6,8,6,4,6,8,7,8,8,8,8,8,8,8,8,6,8,7,8,,,,,,,,,,,,
kaitlyn chagg,trixie orange,1,4,2,1,3,3,2,4,4,2,3,5,2,7,2,3,2,2,4,6,6,6,1,5,3,8,5,4,8,6,5,6,1,7,8,8,8,8,8,8,8,7,8,8,6,5,8,8,,,,,,,,,,,,
scotti bromfield,trixie orange,1,1,2,6,2,6,3,7,1,3,2,3,3,1,3,4,3,5,6,4,5,8,3,5,8,3,7,4,5,4,3,7,7,2,8,8,1,8,8,7,8,6,8,7,8,8,4,8,,,,,,,,,,,,
genovera mattek,trixie orange,3,3,3,1,5,2,2,7,1,2,8,1,3,2,2,3,1,4,7,6,5,3,5,6,4,8,2,4,5,8,8,7,4,6,1,5,8,5,8,8,8,8,6,6,4,6,8,8,,,,,,,,,,,,
yorgos o'rourke,trixie orange,1,6,3,5,2,5,1,3,4,3,3,5,1,4,5,4,4,1,8,6,7,8,6,4,8,7,6,8,6,7,6,5,1,2,5,5,8,8,8,8,8,8,6,8,8,8,8,8,,,,,,,,,,,,
sigrid veitch,eshal brandt,4,4,3,6,2,2,4,1,3,4,1,1,2,1,1,4,3,1,6,3,7,7,4,2,2,5,8,4,6,5,4,5,7,8,8,4,8,3,8,7,8,7,8,7,8,6,8,8,6,8,6,8,7,8,8,8,8,8,7,8
rodrick henworth,eshal brandt,4,4,3,3,1,4,1,1,4,5,4,4,1,3,3,5,2,3,5,8,4,2,5,6,6,5,5,8,5,5,8,8,5,7,3,6,8,8,8,8,8,8,8,8,8,8,5,7,8,8,8,7,8,5,8,8,8,8,8,8
reggie lawlor,eshal brandt,5,2,5,3,3,6,4,2,1,5,2,1,5,1,3,5,5,5,6,8,8,7,6,7,8,2,8,6,7,5,6,5,6,3,8,6,8,6,8,8,8,8,7,8,6,8,8,8,8,8,8,8,8,8,8,8,8,8,8,8
thornton thuillier,eshal brandt,3,5,4,5,2,1,1,2,1,3,1,5,4,4,2,2,2,2,4,4,4,7,4,4,8,5,4,8,8,1,6,5,4,5,7,6,8,8,5,7,8,8,6,2,6,8,8,8,8,7,7,7,8,8,8,8,8,8,7,8
thomasine poundford,eshal brandt,3,2,4,1,2,5,2,2,6,1,1,4,2,3,6,7,5,1,5,5,6,8,4,8,3,8,8,8,8,2,8,3,6,8,8,6,8,8,8,8,8,3,8,8,8,8,8,7,8,8,8,5,8,8,8,8,8,8,8,8
wakefield jeves,eshal brandt,1,5,5,4,1,3,4,4,3,2,3,6,2,4,1,4,6,4,8,8,6,4,8,7,7,4,8,4,8,7,8,8,3,2,6,7,8,5,8,3,5,7,8,8,8,6,8,6,8,8,8,3,4,7,8,8,8,8,8,8
ced danielut,eshal brandt,5,2,3,3,2,5,3,3,1,2,3,4,1,5,1,2,4,6,5,8,7,7,7,1,8,2,8,6,7,8,5,5,4,6,4,5,8,8,7,8,5,8,8,8,5,6,6,8,5,8,5,7,8,8,8,8,8,8,8,8
austin brister,eshal brandt,2,1,3,2,4,3,3,1,2,5,2,4,4,1,2,4,4,7,3,8,2,6,8,4,8,7,8,5,6,7,5,2,8,8,5,8,8,8,8,8,4,8,8,6,6,2,8,8,8,8,8,8,8,7,8,8,8,8,8,8
windham biagi,eshal brandt,6,3,4,7,3,3,2,2,1,2,3,1,,,,,,,,,,,,,,,,,,,,,,,,,,,,,,,,,,,,,,,,,,,,,,,,
wendy ducastel,eshal brandt,1,1,1,1,5,6,3,2,5,2,2,1,4,3,3,2,4,7,8,3,8,7,8,8,7,1,7,6,7,5,7,7,7,6,7,5,8,8,8,8,8,4,8,8,8,8,8,8,8,8,8,3,6,8,8,8,8,8,8,8
daryle janoch,eshal brandt,6,1,3,3,5,1,4,2,4,1,8,1,1,6,1,4,1,1,6,7,1,3,5,5,5,5,8,6,4,8,8,6,4,6,7,8,7,8,8,8,8,5,8,8,8,8,8,5,8,8,8,8,5,8,8,8,8,8,8,8
aluino sainter,eshal brandt,3,3,5,4,1,2,3,5,5,3,1,3,1,2,4,1,8,3,5,6,4,5,6,1,7,3,4,5,6,7,6,4,4,3,4,4,8,8,4,8,7,8,5,7,7,4,8,3,8,8,7,8,7,3,8,8,8,8,8,7
magda mckirton,eshal brandt,4,4,3,2,2,2,2,2,1,5,5,1,4,2,2,4,3,4,7,6,5,3,3,8,5,3,8,3,6,6,8,7,4,6,6,6,7,8,6,8,8,8,8,8,6,8,8,8,5,7,7,8,8,8,8,8,8,8,8,8
caryn adriaan,eshal brandt,3,1,1,3,4,5,2,4,6,1,2,2,4,5,3,6,3,3,2,5,4,7,7,4,5,8,8,8,7,4,8,5,7,8,5,6,7,8,8,8,8,8,4,8,8,8,8,8,8,8,8,5,8,8,8,7,8,8,8,8
redd jurges,macey broughton,1,8,2,2,2,4,2,1,3,4,3,4,4,5,5,4,1,3,8,4,6,8,7,7,7,3,3,8,8,5,1,5,3,8,6,7,8,6,8,8,8,5,7,3,7,8,6,8,,,,,,,,,,,,
fabian exell,macey broughton,2,6,3,6,3,1,3,3,3,1,6,6,5,4,4,6,1,1,6,8,5,8,5,7,2,8,8,7,3,1,7,4,8,3,4,8,8,8,8,8,8,7,8,8,6,8,6,8,,,,,,,,,,,,
solly kollas,macey broughton,4,4,6,1,3,3,3,4,3,3,4,1,5,4,2,3,7,5,6,7,4,3,8,5,5,6,5,3,5,6,3,5,8,2,4,6,8,8,8,7,8,3,8,8,8,4,7,8,,,,,,,,,,,,
barbabas huygens,macey broughton,2,5,5,3,3,7,4,2,2,1,6,5,4,3,4,3,1,1,5,8,6,7,3,7,6,5,7,5,4,6,3,7,2,7,6,3,7,8,8,7,8,8,8,7,8,8,7,8,,,,,,,,,,,,
liuka drissell,macey broughton,3,3,4,1,3,1,8,3,5,2,4,3,5,2,1,3,7,4,3,3,7,8,8,2,4,5,5,8,4,7,7,7,7,8,5,8,8,8,8,8,8,7,7,5,8,8,7,6,,,,,,,,,,,,
vikki godsal,macey broughton,3,4,2,1,2,3,4,5,5,2,4,2,3,2,3,2,4,7,5,8,8,3,5,5,5,4,3,4,8,4,4,4,8,5,6,5,6,8,8,8,8,6,7,8,6,8,8,6,,,,,,,,,,,,
ealasaid badcock,macey broughton,5,4,4,3,1,3,2,6,1,5,3,3,6,3,6,2,3,4,5,6,5,4,8,5,5,8,6,8,3,7,8,5,3,2,6,7,6,8,8,8,7,5,8,8,7,8,8,6,,,,,,,,,,,,
gal wallwood,macey broughton,4,4,2,4,6,3,2,3,2,4,3,8,1,5,3,4,2,4,3,8,2,7,5,6,2,3,7,6,4,6,6,7,3,4,2,8,7,8,7,5,6,7,8,8,8,8,6,8,,,,,,,,,,,,
lotte witherop,macey broughton,3,3,6,2,4,2,2,1,2,3,2,5,1,2,2,3,3,1,6,7,6,3,5,4,7,6,7,5,8,3,6,8,6,8,4,6,8,8,7,8,8,8,8,8,8,8,8,8,,,,,,,,,,,,
bella tarbox,macey broughton,2,2,2,1,3,4,1,3,2,1,3,3,3,6,1,2,3,1,5,3,8,7,5,2,6,4,7,7,7,3,5,2,6,4,6,2,6,8,8,8,8,7,3,8,8,8,6,8,,,,,,,,,,,,
gabby neilson,macey broughton,3,2,1,5,2,1,5,1,1,2,6,3,2,5,3,2,2,5,8,5,8,6,8,4,8,6,4,4,6,3,3,7,6,5,2,5,7,8,8,8,5,5,7,8,8,8,8,8,,,,,,,,,,,,
zitella hembery,macey broughton,2,3,3,4,4,4,4,1,5,4,4,3,2,1,1,1,1,4,,,,,,,,,,,,,,,,,,,,,,,,,,,,,,,,,,,,,,,,,,
danielle absolom,igor coates,3,3,2,1,3,2,2,2,5,2,5,1,4,4,4,2,1,3,4,7,6,4,8,5,4,6,8,5,8,4,6,3,5,6,8,4,6,8,8,8,8,8,8,8,8,4,8,8,8,5,8,8,4,6,8,8,7,6,8,8
hughie yeliashev,igor coates,4,4,1,2,1,4,3,2,3,3,1,1,2,2,3,3,5,2,6,8,6,2,3,6,4,6,7,6,4,5,5,7,5,7,4,5,6,8,7,8,8,8,8,8,8,8,8,5,3,5,6,8,6,7,8,8,4,8,8,8
sher biesinger,igor coates,3,1,5,4,3,1,3,1,3,2,2,3,5,2,4,6,1,1,8,8,2,8,5,8,4,2,4,3,8,5,8,6,3,4,5,6,7,8,8,8,8,8,7,8,8,8,3,8,8,8,7,8,7,8,8,6,8,6,8,8
pepe bendig,igor coates,4,4,2,3,3,3,4,1,4,2,3,2,3,1,5,1,2,6,7,5,3,5,8,4,8,8,7,4,2,7,6,5,6,7,5,4,8,4,8,8,8,6,8,8,8,7,7,7,8,8,8,8,8,6,8,8,8,8,8,8
neal ginglell,igor coates,3,4,2,2,7,4,1,2,5,3,5,2,5,4,8,6,2,3,2,7,8,8,7,7,3,4,2,8,4,8,3,5,6,8,3,5,8,5,6,6,7,7,7,8,4,8,7,8,8,8,5,8,8,7,8,8,8,8,7,8
rozamond wilton,igor coates,3,2,2,1,2,5,1,2,2,2,2,5,2,1,6,1,5,3,2,1,8,8,3,5,1,8,6,8,6,4,3,4,6,7,8,8,8,8,8,8,8,8,8,8,6,8,8,4,7,8,6,8,7,6,7,8,8,8,8,8
glenn coaker,igor coates,6,4,1,2,4,2,2,4,3,3,7,3,3,4,4,2,5,4,7,7,2,5,5,7,6,8,8,8,6,2,6,5,6,7,5,8,8,8,8,7,8,8,8,6,8,5,8,6,8,7,7,6,8,5,8,8,8,8,8,7
daisy brims,igor coates,1,4,3,2,3,2,4,5,2,3,3,6,2,4,1,4,4,2,7,8,8,6,5,5,7,4,5,8,3,8,4,6,3,6,8,3,8,6,8,8,8,7,8,8,7,7,8,3,8,8,3,8,8,8,8,8,8,7,8,8
lalo halton,igor coates,4,1,3,2,2,4,3,2,2,4,5,1,2,3,1,1,2,5,5,4,4,7,4,8,3,5,5,6,4,8,8,7,8,3,6,8,4,8,8,8,7,6,8,8,8,5,4,8,8,3,7,8,6,8,7,8,8,6,8,8
palm jakovijevic,igor coates,2,1,1,5,3,6,2,4,3,2,2,2,3,4,1,4,6,4,1,3,8,3,8,3,4,5,5,4,1,6,8,7,5,7,5,5,7,6,8,8,8,8,7,8,4,8,2,8,8,8,8,8,8,8,8,8,8,8,8,8
yelena kelleway,igor coates,3,5,1,3,1,5,3,3,4,5,1,1,5,1,2,4,1,2,6,4,4,6,5,6,8,6,5,8,6,8,5,5,5,8,6,6,4,8,8,8,4,8,4,8,8,8,8,8,8,8,6,1,8,8,8,8,8,8,8,8
lay trosdall,igor coates,2,5,2,5,4,5,4,5,1,1,3,4,2,5,1,3,3,2,7,6,5,8,8,3,8,8,1,6,8,8,1,6,3,8,8,4,8,7,6,4,8,4,4,8,8,8,6,7,8,8,8,6,8,8,7,8,8,8,8,8
kayle ferenc,igor coates,2,6,4,1,3,4,1,3,4,1,5,1,1,6,2,3,1,3,8,6,8,3,6,6,7,8,8,2,8,2,8,8,5,6,5,5,8,8,8,8,6,8,8,8,8,7,7,7,6,7,8,8,8,7,8,8,8,8,8,8
law massen,mohammad velazquez,4,4,6,1,3,6,3,1,1,3,7,2,4,3,4,2,2,2,8,8,8,6,6,5,7,7,6,3,6,6,7,8,6,8,1,8,8,8,8,4,8,8,7,6,8,8,8,8,5,8,8,8,8,8,8,8,7,8,8,8
aldridge du fray,mohammad velazquez,4,5,5,2,4,3,3,4,1,2,1,8,1,1,3,4,3,3,3,8,1,5,4,7,2,5,4,4,6,8,6,7,3,5,6,8,8,8,6,5,8,8,8,8,8,6,8,8,8,7,6,8,8,5,8,8,8,8,8,8
horatio christley,mohammad velazquez,3,5,4,2,2,2,2,2,3,3,2,2,1,1,1,1,1,1,,,,,,,,,,,,,,,,,,,,,,,,,,,,,,,,,,,,,,,,,,
mellicent desaur,mohammad velazquez,4,4,3,4,3,1,5,1,2,4,1,2,2,3,1,3,5,2,8,5,6,4,2,5,7,7,8,5,8,6,5,7,8,6,2,8,7,8,8,5,4,8,8,8,8,8,6,8,8,8,8,8,7,8,8,8,8,8,8,8
ludovico orridge,mohammad velazquez,2,2,4,2,1,2,4,4,1,5,6,2,4,3,3,1,1,1,6,6,8,4,3,7,3,3,7,3,4,5,4,8,6,6,7,3,7,8,8,8,8,8,4,4,8,8,8,8,8,8,8,8,7,4,8,8,8,8,8,8
chantal mailes,mohammad velazquez,5,6,3,1,2,2,2,3,2,1,8,3,4,3,3,2,4,5,8,7,2,8,6,1,8,8,8,3,5,4,3,6,5,8,5,6,8,8,8,6,6,8,8,6,7,8,7,8,8,6,8,8,6,8,8,8,7,8,8,8
fax schankelborg,mohammad velazquez,7,6,5,2,2,2,4,1,3,1,4,4,2,6,2,1,4,4,8,8,8,8,4,5,1,5,3,8,8,7,8,6,5,3,5,8,5,8,8,8,8,8,8,7,8,7,6,8,8,8,8,2,8,8,8,8,8,8,8,8
kellie tanguy,mohammad velazquez,2,4,1,4,3,2,4,3,2,4,4,2,1,1,4,7,5,3,4,3,4,6,7,4,6,7,8,4,8,5,4,5,5,6,7,8,8,8,4,7,8,8,8,8,8,8,8,4,8,8,7,6,7,8,6,8,8,8,8,8
yalonda beacom,mohammad velazquez,5,4,3,8,3,1,1,4,2,3,1,3,3,6,3,2,4,4,5,5,8,4,8,5,8,5,8,8,8,5,8,5,7,8,7,8,7,8,8,8,8,8,8,8,5,8,8,7,8,8,8,8,8,6,8,8,8,8,8,8
tab shitliff,mohammad velazquez,3,1,4,3,1,5,1,1,4,3,5,2,2,3,3,3,1,2,4,6,8,8,5,6,7,7,6,2,3,5,4,4,4,4,4,5,8,7,7,7,8,8,7,8,6,5,8,8,8,8,6,8,6,8,8,8,8,8,8,8
tobie culcheth,mohammad velazquez,1,2,4,4,5,4,3,2,3,1,4,2,4,2,3,3,2,2,5,5,7,8,8,6,8,4,7,6,6,3,4,1,2,2,7,5,8,6,8,8,7,8,8,8,8,6,8,8,8,8,8,8,8,8,8,8,8,8,8,8
gerianne bagge,macey broughton,2,2,4,4,2,3,4,1,6,2,5,2,3,7,2,1,2,1,8,6,7,4,8,4,4,3,6,7,6,8,8,6,8,5,8,8,8,8,8,3,8,8,8,8,8,8,8,8,,,,,,,,,,,,
william tomlett,macey broughton,6,3,6,2,3,7,1,1,5,2,4,4,3,2,4,2,1,2,4,8,4,2,7,5,3,4,7,4,8,6,7,1,5,8,3,8,8,8,8,8,8,8,8,8,8,8,8,6,,,,,,,,,,,,
teddie kemet,macey broughton,2,5,3,2,5,1,2,1,2,3,7,3,3,5,3,5,2,1,8,8,6,7,1,8,3,3,7,6,6,7,6,5,7,5,3,5,8,5,8,8,8,8,8,8,8,5,8,8,,,,,,,,,,,,
artur domaschke,macey broughton,3,3,1,1,2,5,1,4,2,1,1,3,1,4,3,4,3,2,6,5,8,6,8,5,5,5,8,5,2,8,5,6,5,7,5,2,8,8,8,8,7,7,7,8,7,8,8,5,,,,,,,,,,,,
terrie mackibbon,macey broughton,4,2,6,2,3,5,1,3,5,6,1,2,5,5,2,1,6,2,6,8,6,6,6,8,6,8,4,8,3,6,6,8,8,3,5,4,8,8,8,8,6,7,7,8,8,5,3,8,,,,,,,,,,,,
ignacius pleasaunce,macey broughton,2,3,5,1,1,3,5,4,2,2,2,2,2,2,2,3,5,3,4,8,6,7,6,5,8,7,8,8,5,4,8,6,8,6,6,2,8,8,6,8,8,4,4,8,8,4,8,7,,,,,,,,,,,,
liane lorente,macey broughton,6,3,4,1,2,4,4,1,1,3,2,2,2,1,6,3,3,1,8,2,6,5,8,8,6,6,6,8,3,5,8,7,3,3,8,6,8,8,8,8,8,8,6,3,4,8,8,8,,,,,,,,,,,,
sosanna rawlings,macey broughton,1,6,3,3,4,4,4,4,6,2,6,3,1,3,1,3,3,4,3,2,8,7,5,4,8,6,7,8,8,6,8,8,8,3,1,8,8,7,8,8,6,6,6,8,8,7,8,8,,,,,,,,,,,,
allistir langrick,macey broughton,6,2,6,1,4,2,3,2,2,1,4,2,4,2,1,3,5,4,5,2,4,2,4,7,3,2,4,7,3,6,7,4,4,2,1,6,8,8,8,8,8,8,8,8,8,8,8,6,,,,,,,,,,,,
honor huntall,macey broughton,3,5,1,5,1,2,5,1,3,3,3,5,1,4,3,2,2,1,4,8,5,7,5,8,3,8,4,2,8,8,4,5,8,4,5,6,5,8,5,8,7,8,8,7,8,8,8,5,,,,,,,,,,,,
natassia pawle,macey broughton,2,3,4,1,1,3,4,3,3,2,1,4,3,4,2,3,4,1,8,7,6,7,6,8,7,8,7,6,4,8,4,7,4,8,3,7,8,4,5,5,6,8,8,7,7,8,8,8,,,,,,,,,,,,
haywood teager,macey broughton,3,5,3,3,1,8,4,2,3,1,6,2,6,4,2,3,5,3,7,3,6,6,7,3,1,2,3,7,4,8,7,5,6,7,8,8,8,8,7,5,7,8,8,8,8,8,8,8,,,,,,,,,,,,
marillin rosendall,macey broughton,4,2,3,1,3,3,5,2,2,2,2,1,2,5,2,1,8,3,6,7,7,5,7,6,8,5,5,2,6,8,2,7,6,6,7,4,6,8,8,7,8,8,8,8,6,8,5,8,,,,,,,,,,,,
giustina catford,martina meadows,1,1,4,4,2,4,1,7,1,1,1,3,2,5,6,3,4,2,6,6,3,8,6,6,8,8,8,5,5,4,5,6,7,3,7,4,8,8,8,8,8,8,8,6,8,6,4,8,,,,,,,,,,,,
kore amburgy,martina meadows,4,1,1,3,3,4,5,1,3,1,4,4,2,3,1,5,1,4,1,7,7,7,1,4,6,6,6,6,5,5,6,4,6,5,8,4,8,8,8,8,8,8,7,1,8,8,8,4,,,,,,,,,,,,
constance fellibrand,martina meadows,3,4,3,5,4,1,2,2,2,5,6,2,1,2,3,4,4,3,7,2,4,8,2,2,6,4,5,5,3,8,8,8,8,4,8,5,8,8,8,7,7,8,5,8,8,8,8,8,,,,,,,,,,,,
rickard blakes,martina meadows,5,1,5,3,4,2,1,4,8,2,3,4,4,2,5,1,7,3,5,6,3,5,7,8,6,8,8,8,7,8,5,4,6,8,8,8,8,6,8,5,8,3,8,8,8,7,8,8,,,,,,,,,,,,
noe fortnam,martina meadows,1,6,1,3,2,3,3,3,3,8,5,3,3,3,3,1,2,3,7,5,6,8,3,7,7,4,5,8,4,4,8,8,8,2,8,5,8,8,8,8,8,7,8,7,8,8,8,8,,,,,,,,,,,,
cherrita mcgilleghole,martina meadows,6,1,4,3,3,2,2,3,1,2,2,3,2,4,6,4,1,5,7,5,6,2,8,6,3,4,7,3,4,7,1,3,4,5,4,5,8,8,5,8,8,4,8,5,8,5,5,8,,,,,,,,,,,,
charmain diben,martina meadows,1,4,4,3,2,3,1,1,1,1,4,1,,,,,,,,,,,,,,,,,,,,,,,,,,,,,,,,,,,,,,,,,,,,,,,,
bunny barns,martina meadows,6,1,3,2,3,1,1,4,3,4,2,1,5,5,3,2,4,3,8,7,7,3,8,8,5,2,6,4,8,6,4,3,3,5,6,1,8,6,8,8,8,8,8,8,8,8,8,8,,,,,,,,,,,,
brewer calderbank,eshal brandt,1,3,2,2,4,3,1,1,3,3,1,1,,,,,,,,,,,,,,,,,,,,,,,,,,,,,,,,,,,,,,,,,,,,,,,,
fons ghiotto,eshal brandt,3,2,1,2,2,4,5,3,3,2,5,2,6,1,1,3,2,4,5,2,6,7,8,3,6,8,5,7,4,5,4,3,8,5,5,5,8,6,8,8,5,8,8,7,4,8,7,8,6,8,8,8,8,4,8,8,8,8,8,8
evin de roeck,eshal brandt,5,4,2,2,3,4,2,2,3,1,4,3,3,5,3,2,1,2,4,6,7,6,3,7,5,8,4,8,6,4,8,5,7,8,8,8,7,8,8,8,8,8,8,5,8,8,8,8,8,8,8,8,3,8,8,8,8,8,8,8
maxy bensen,eshal brandt,2,4,2,4,1,2,5,3,1,3,4,3,1,4,4,3,2,4,6,2,7,8,8,8,6,6,7,5,7,5,5,8,4,7,5,4,8,7,6,5,6,5,8,8,8,8,8,8,8,8,7,8,4,8,8,8,8,8,8,8
calida behr,eshal brandt,2,2,3,5,2,1,3,1,1,3,1,4,5,1,4,3,6,4,5,5,7,3,8,7,8,8,5,5,3,4,5,8,5,6,6,4,8,6,6,8,8,7,8,8,8,8,8,8,8,8,5,8,8,8,8,8,8,8,8,8
dannel longmaid,eshal brandt,2,8,5,3,7,5,3,1,1,5,7,3,4,3,2,2,3,2,4,8,8,5,8,5,7,3,7,2,8,7,3,4,5,8,5,7,7,8,7,8,8,6,8,8,8,8,8,8,8,8,8,8,5,8,8,8,8,8,8,8
sarah magor,eshal brandt,2,4,1,2,6,2,3,2,4,5,1,3,3,5,4,4,7,1,4,5,6,8,3,3,5,2,5,6,4,3,7,7,8,8,8,7,6,8,2,6,8,6,6,8,7,8,7,7,8,7,8,2,8,8,8,8,8,8,8,8
alistair scanes,eshal brandt,4,2,4,1,2,3,3,4,2,5,3,2,3,2,3,3,3,3,6,8,2,4,8,3,4,4,5,7,6,6,3,4,8,8,5,7,8,6,8,8,7,8,8,5,8,8,7,5,8,8,8,4,7,8,8,8,8,8,8,8
homere stentiford,eshal brandt,2,2,4,2,5,3,1,3,2,1,6,2,3,3,2,3,7,3,5,4,7,5,4,4,8,8,8,5,3,3,7,2,5,7,5,8,7,8,8,2,6,8,8,8,4,8,8,4,8,7,8,8,5,6,8,8,8,8,8,8
alvie bleackly,eshal brandt,4,3,2,3,5,2,4,1,4,1,3,1,6,3,1,2,1,6,7,8,8,8,5,4,6,7,8,5,7,2,6,4,4,6,8,5,7,8,8,8,6,8,8,8,8,8,8,8,8,8,8,8,5,8,6,8,8,8,8,8
brnaby bownes,eshal brandt,2,1,4,2,1,1,,,,,,,,,,,,,,,,,,,,,,,,,,,,,,,,,,,,,,,,,,,,,,,,,,,,,,
blake nunson,eshal brandt,4,2,2,3,2,2,2,5,2,2,4,3,7,3,3,2,2,2,3,5,7,4,5,6,8,2,4,5,7,8,6,2,3,6,7,8,8,8,8,3,5,8,8,6,8,8,8,8,,,,,,,,,,,,
deirdre van den velde,eshal brandt,4,1,4,1,4,2,1,5,3,4,4,1,3,4,5,4,2,3,8,6,6,5,7,6,8,2,5,8,8,6,2,8,5,4,3,8,8,7,8,5,8,8,8,5,8,8,8,8,,,,,,,,,,,,
brose menghi,eshal brandt,1,5,3,1,3,3,3,3,2,1,4,3,3,2,3,3,1,3,3,8,2,8,7,7,8,4,2,5,7,4,7,8,6,6,4,8,6,8,8,8,8,8,7,8,4,8,8,4,,,,,,,,,,,,
edithe dimitrov,eshal brandt,1,3,3,2,3,6,3,5,2,2,3,2,3,1,3,3,1,4,5,6,7,7,8,8,6,6,4,6,5,3,8,6,8,4,2,1,8,7,7,8,8,8,8,8,8,8,8,8,,,,,,,,,,,,
demetrius tunstall,eshal brandt,5,2,2,4,1,3,8,3,4,6,4,1,2,2,1,2,1,2,,,,,,,,,,,,,,,,,,,,,,,,,,,,,,,,,,,,,,,,,,
chucho galfour,eshal brandt,6,2,6,1,3,5,3,3,3,3,2,5,2,4,4,3,1,3,8,3,8,6,8,1,8,7,8,8,5,6,6,8,5,6,3,8,8,8,8,8,5,8,8,6,5,8,4,8,,,,,,,,,,,,
mozelle grinnov,eshal brandt,2,5,1,1,3,3,2,2,5,7,2,1,4,2,2,2,5,2,7,4,7,6,8,5,8,8,6,8,3,6,5,7,2,6,4,3,8,8,8,8,8,8,7,8,8,7,8,8,,,,,,,,,,,,
roze yepiskopov,eshal brandt,3,4,4,1,1,1,4,1,5,6,4,4,4,2,4,1,4,3,8,2,4,2,8,6,8,6,8,5,6,7,2,6,6,6,4,4,4,8,8,6,8,8,8,8,6,8,8,7,,,,,,,,,,,,
denise oppy,eshal brandt,1,7,4,4,2,5,2,1,4,2,2,2,6,4,3,2,3,3,6,8,7,8,4,7,8,7,6,4,3,2,5,5,6,4,5,4,8,8,8,8,4,7,5,7,8,6,8,8,,,,,,,,,,,,
rafi downse,eshal brandt,2,1,2,2,5,1,6,2,1,3,3,3,6,4,3,2,2,1,7,8,2,7,8,5,3,7,3,8,7,8,6,5,8,8,6,8,7,6,8,8,8,8,8,8,8,8,8,8,,,,,,,,,,,,
camellia bette,eshal brandt,2,4,4,1,2,2,1,3,3,1,3,2,6,3,2,2,8,1,7,3,1,6,4,3,5,4,4,3,3,6,8,7,3,5,3,3,7,8,4,5,8,8,8,8,8,8,8,4,,,,,,,,,,,,
care ife,eshal brandt,4,1,2,1,2,4,3,5,4,2,3,4,4,4,1,2,5,2,8,7,4,8,8,5,8,5,8,6,8,4,6,8,8,6,4,2,8,6,5,8,8,8,6,8,8,4,8,6,,,,,,,,,,,,
vance fey,macey broughton,6,1,6,4,8,5,1,1,1,3,3,2,,,,,,,,,,,,,,,,,,,,,,,,,,,,,,,,,,,,,,,,,,,,,,,,
dulcine duffil,macey broughton,3,1,4,5,2,3,3,2,2,2,2,5,4,1,1,4,3,7,8,4,2,8,7,3,6,5,4,8,7,5,7,5,8,8,5,7,6,8,6,6,8,8,8,4,8,8,5,8,6,8,8,6,8,8,8,8,8,8,6,8
nona coghlan,macey broughton,7,2,4,4,1,3,4,3,3,5,4,1,2,4,4,3,4,1,8,8,8,4,8,7,5,4,6,5,8,2,8,7,7,6,7,5,7,8,8,8,5,8,8,8,7,8,5,8,8,6,4,8,8,8,8,8,8,8,8,8
dorette landall,macey broughton,4,6,2,3,3,5,4,2,7,3,2,6,1,1,1,1,1,3,,,,,,,,,,,,,,,,,,,,,,,,,,,,,,,,,,,,,,,,,,
valdemar smithen,macey broughton,2,2,2,3,4,2,1,5,2,3,2,3,1,5,4,2,5,4,8,8,3,4,5,8,6,7,7,7,8,5,5,3,3,8,7,5,8,8,8,6,8,8,4,8,7,8,5,8,6,7,6,7,8,7,8,8,8,8,8,7
norene dericut,macey broughton,4,2,2,3,3,4,1,7,3,2,4,2,1,3,2,2,2,4,3,4,8,8,4,8,6,5,2,4,5,8,7,7,3,6,3,3,5,8,6,8,8,8,8,7,8,8,8,7,8,8,8,8,8,7,8,7,8,8,8,8
jillian wenn,macey broughton,4,4,3,2,2,2,3,4,2,3,5,6,3,5,3,3,6,5,8,4,6,8,8,4,4,8,8,6,8,8,7,5,8,4,2,8,5,8,8,8,8,7,8,8,8,8,8,8,7,8,8,8,5,6,8,8,8,8,8,8
saraann elcombe,macey broughton,1,3,3,3,4,5,3,2,1,1,3,1,,,,,,,,,,,,,,,,,,,,,,,,,,,,,,,,,,,,,,,,,,,,,,,,
jenn blitz,mohammad velazquez,5,2,2,1,7,3,3,5,2,5,4,4,4,3,4,3,3,1,4,3,2,5,5,7,2,6,8,5,5,8,3,8,6,8,8,6,7,8,8,8,8,6,8,8,8,8,7,8,,,,,,,,,,,,
chandra best,mohammad velazquez,4,6,6,6,2,3,2,1,2,4,1,3,1,6,2,5,2,2,8,4,5,7,6,7,8,7,6,5,6,4,4,5,4,8,6,5,8,7,7,8,8,6,8,8,8,6,7,8,,,,,,,,,,,,
boniface tansley,mohammad velazquez,1,4,3,1,2,5,4,4,3,4,1,2,3,7,3,2,4,1,8,4,2,5,2,8,5,6,5,7,4,1,6,4,8,5,5,5,8,5,8,8,8,8,8,8,8,8,8,8,,,,,,,,,,,,
cristal jeans,mohammad velazquez,8,4,1,3,1,5,2,4,3,2,2,4,5,6,1,2,4,2,8,4,7,8,5,6,4,8,8,7,6,6,8,7,5,7,8,8,7,8,7,8,8,8,8,8,6,6,8,8,,,,,,,,,,,,
urson sibthorp,mohammad velazquez,4,3,1,1,3,3,4,2,1,1,1,2,,,,,,,,,,,,,,,,,,,,,,,,,,,,,,,,,,,,,,,,,,,,,,,,
vernon bennough,mohammad velazquez,4,3,2,1,4,3,2,4,5,1,1,1,2,2,2,2,4,3,8,4,4,6,7,8,8,7,3,7,4,2,5,6,6,2,8,3,6,5,8,8,8,6,8,8,8,8,5,6,,,,,,,,,,,,
payton turbard,mohammad velazquez,4,2,5,2,4,2,4,5,4,3,4,3,1,6,1,3,3,1,2,6,4,4,6,8,7,7,5,6,7,3,6,3,8,6,7,8,8,8,8,8,8,8,6,8,8,8,8,8,,,,,,,,,,,,
lilly andreasen,mohammad velazquez,2,4,2,2,1,7,2,3,4,1,3,5,1,3,3,2,4,3,8,5,7,8,8,7,6,5,5,5,8,4,3,8,3,7,3,4,8,8,8,8,8,8,8,8,8,8,8,8,,,,,,,,,,,,
dixie o' flaherty,mohammad velazquez,3,1,2,4,2,1,2,2,7,2,3,4,1,3,4,2,6,2,8,3,4,8,7,7,6,6,3,3,7,5,4,4,3,2,7,5,8,8,8,5,8,8,8,8,8,6,8,8,,,,,,,,,,,,
engelbert palatino,mohammad velazquez,3,4,3,1,2,5,6,3,1,1,3,1,5,3,2,2,8,2,6,8,5,8,8,7,5,7,7,5,6,5,8,6,8,1,3,6,8,7,6,8,8,7,8,8,8,8,8,8,,,,,,,,,,,,
dudley whiles,mohammad velazquez,3,2,2,3,2,1,3,1,3,2,1,3,6,2,2,4,4,3,8,6,7,8,6,4,8,7,6,3,2,4,6,6,8,3,8,4,8,8,7,8,8,8,8,8,8,8,8,8,,,,,,,,,,,,
tory aireton,macey broughton,3,4,2,4,1,2,3,1,2,4,3,4,7,2,3,3,4,2,5,7,7,8,6,6,8,5,5,7,6,4,6,4,6,8,6,3,7,7,7,8,7,8,8,8,8,8,8,7,8,8,8,7,3,8,8,8,8,8,8,8
kelly coneybeer,macey broughton,2,2,5,3,1,5,2,2,3,1,2,4,3,4,5,4,6,1,6,6,6,2,4,4,6,5,8,8,4,6,8,8,5,5,5,8,8,5,8,8,8,8,8,8,5,8,8,8,3,5,7,8,3,8,8,8,7,8,8,8
mic wilshire,macey broughton,4,4,5,7,3,4,1,3,4,1,2,3,3,1,4,1,3,2,7,6,8,3,4,1,5,2,3,4,5,1,8,8,4,3,7,8,8,8,8,6,8,8,8,4,8,8,8,8,7,8,8,8,8,8,8,8,8,8,6,8
florella boays,macey broughton,1,6,1,2,4,1,3,4,1,2,7,1,5,2,1,2,2,2,5,8,6,8,5,6,8,6,8,7,4,3,8,7,6,2,5,6,5,8,8,4,8,8,8,8,5,8,8,8,8,3,8,8,8,8,8,8,8,8,8,8
marshal darycott,macey broughton,5,2,2,1,1,6,2,5,1,2,1,7,2,2,4,3,2,3,6,8,8,6,8,4,8,3,6,5,8,7,4,6,6,6,2,5,5,7,7,8,4,6,8,8,8,8,6,4,4,8,8,6,8,8,8,8,8,8,8,8
elva boldero,macey broughton,7,2,4,1,3,5,8,4,2,4,6,5,3,1,1,2,3,5,6,2,8,7,8,8,8,5,6,3,8,4,7,5,4,5,6,5,6,8,8,8,8,8,8,7,8,8,8,8,8,8,8,8,6,8,8,8,8,8,8,8
archibold spikeings,macey broughton,4,1,4,1,4,3,5,6,4,7,2,5,3,1,3,1,2,4,8,7,5,4,5,2,8,6,8,6,8,8,8,8,8,8,6,2,4,8,6,5,8,8,7,8,8,8,8,6,7,5,7,8,8,8,8,8,8,8,8,8
anatole burston,macey broughton,2,4,1,2,2,5,1,6,3,1,4,3,5,2,3,3,3,1,7,8,8,5,3,8,8,8,7,8,8,7,4,2,8,8,5,7,8,8,6,8,8,8,7,8,8,8,8,8,8,8,8,8,8,8,8,8,8,8,8,8
gabbey caesman,macey broughton,3,4,1,8,2,4,3,4,4,4,7,8,1,4,3,7,4,3,3,7,8,8,7,8,7,8,3,5,3,8,6,8,4,5,5,4,8,8,8,8,7,8,8,8,8,7,8,8,7,8,8,8,8,6,8,8,8,8,7,8
conny samms,mohammad velazquez,1,4,1,4,3,5,1,4,2,1,2,4,2,1,1,3,2,1,,,,,,,,,,,,,,,,,,,,,,,,,,,,,,,,,,,,,,,,,,
karyn huortic,mohammad velazquez,4,4,1,3,4,2,3,2,4,8,2,5,4,5,4,1,2,2,6,5,8,3,2,4,8,4,2,8,8,8,7,3,3,7,3,1,8,8,8,8,6,7,5,8,6,8,8,8,,,,,,,,,,,,
giacopo kyndred,mohammad velazquez,1,1,2,3,2,2,,,,,,,,,,,,,,,,,,,,,,,,,,,,,,,,,,,,,,,,,,,,,,,,,,,,,,
fin lung,mohammad velazquez,1,2,5,2,4,2,2,1,5,1,1,1,,,,,,,,,,,,,,,,,,,,,,,,,,,,,,,,,,,,,,,,,,,,,,,,
marja morfield,mohammad velazquez,3,5,2,5,1,3,2,1,3,1,2,8,3,4,3,4,2,1,8,6,3,8,5,8,8,8,8,6,4,4,8,6,8,8,6,7,8,6,8,8,8,6,8,7,6,8,4,8,,,,,,,,,,,,
gussy stoving,mohammad velazquez,1,3,1,4,3,1,5,5,4,3,1,5,1,4,5,2,3,1,4,8,4,6,5,6,5,4,3,5,5,8,4,8,7,6,6,8,8,8,8,8,8,8,8,8,8,8,8,6,,,,,,,,,,,,
leena joselevitch,mohammad velazquez,3,3,5,7,4,1,1,3,2,5,1,2,6,7,1,4,5,1,7,8,6,8,7,4,8,8,4,6,5,7,8,5,4,2,7,5,7,5,8,8,8,3,8,8,8,8,8,8,,,,,,,,,,,,
lazare nellies,mohammad velazquez,2,2,4,2,5,1,4,6,1,2,5,3,2,2,3,3,3,3,7,6,8,8,2,8,7,8,8,8,5,8,8,7,8,8,3,8,8,6,5,8,8,8,8,7,6,7,7,8,,,,,,,,,,,,
flore masden,mohammad velazquez,2,4,3,1,3,4,5,2,3,2,3,1,2,3,1,2,1,2,,,,,,,,,,,,,,,,,,,,,,,,,,,,,,,,,,,,,,,,,,
benita downgate,mohammad velazquez,1,1,3,1,1,1,,,,,,,,,,,,,,,,,,,,,,,,,,,,,,,,,,,,,,,,,,,,,,,,,,,,,,
clark kovacs,mohammad velazquez,1,1,3,2,2,6,4,2,3,6,1,3,1,2,4,4,4,4,6,8,4,8,8,4,7,8,5,4,8,8,4,7,8,4,6,4,7,8,8,8,8,8,8,8,8,8,4,8,,,,,,,,,,,,
horten koomar,mohammad velazquez,4,2,1,3,2,3,4,3,1,2,3,3,3,1,5,1,4,5,8,4,5,3,6,5,8,8,7,3,8,5,6,6,6,6,5,7,8,8,8,6,8,8,8,8,8,8,6,8,,,,,,,,,,,,
moritz mosedall,mohammad velazquez,1,1,5,1,2,6,5,3,3,3,2,2,3,2,2,3,6,1,8,6,8,5,5,3,6,8,7,7,4,2,7,4,5,7,7,7,6,8,8,7,8,5,4,8,7,8,8,8,,,,,,,,,,,,
chaim inseal,mohammad velazquez,1,3,3,4,1,2,3,3,5,5,7,1,5,5,1,1,3,3,7,6,5,7,8,8,2,6,6,8,8,4,2,5,4,8,4,6,6,6,8,8,8,8,7,8,5,8,8,8,,,,,,,,,,,,
gertruda syddie,mohammad velazquez,3,1,2,8,1,4,2,4,3,1,3,1,6,2,1,2,3,8,6,8,3,5,8,5,8,4,6,2,3,2,6,8,6,8,7,8,8,3,8,8,4,8,8,8,8,8,8,5,,,,,,,,,,,,
thom derwin,mohammad velazquez,3,7,3,3,3,1,2,7,2,3,4,1,1,3,1,2,6,5,4,4,5,3,6,8,4,3,8,3,8,5,5,3,5,6,7,7,8,8,8,8,8,8,8,4,6,8,8,8,,,,,,,,,,,,
godfry sephton,mohammad velazquez,4,2,5,1,1,2,4,1,1,3,2,5,3,4,1,5,5,3,8,6,5,8,3,8,5,5,5,7,5,4,1,5,4,8,6,8,8,6,8,8,6,8,8,8,8,6,6,8,,,,,,,,,,,,
